"Continent","Chrome","IE","Safari","Firefox","iPhone","Android","360 Safe Browser","Yandex Browser","Opera","IEMobile","UC Browser","Nokia","NetFront","Unknown","BlackBerry","Sogou Explorer","QQ Browser","Maxthon","CoRom+","Puffin","iPod Touch","Chromium","SonyEricsson","Obigo","Silk","Phantom","Openwave Mobile Browser","Iron","Midori","Kindle","Iceweasel"
United States of America ,31.33,22.37,13.12,12.5,9.7,5.31,1.74,0,0,0,0,0,0,0,0,0,0,0,0,0,0,0,0,0,0,0,0,0,0,0,0
Turkey ,55.18,17.27,1.71,6.44,3.25,10.04,0,2.35,1.42,1.05,0,0,0,0,0,0,0,0,0,0,0,0,0,0,0,0,0,0,0,0,0
Brazil ,60.87,13.67,2.51,11.88,1.46,5.15,0,0,1.85,0,0,0,0,0,0,0,0,0,0,0,0,0,0,0,0,0,0,0,0,0,0
India ,20.73,3.43,0,8.6,0,8.19,0,0,17.25,0,23.53,7.22,5.18,1.35,0,0,0,0,0,0,0,0,0,0,0,0,0,0,0,0,0
United Kingdom ,36.94,18.01,15.64,11.37,8.02,4.39,0,0,1.36,0,0,0,0,0,1.61,0,0,0,0,0,0,0,0,0,0,0,0,0,0,0,0
Germany ,25.95,14.24,8.06,38.15,3.41,5.79,0,0,2.42,0,0,0,0,0,0,0,0,0,0,0,0,0,0,0,0,0,0,0,0,0,0
Canada ,34.03,23.88,15.65,13.75,6.72,2.99,0,0,0,0,0,0,0,0,0,0,0,0,0,0,0,0,0,0,0,0,0,0,0,0,0
Thailand ,47.38,13.03,7.27,9.49,7,11.87,0,0,0,1.34,0,0,0,0,0,0,0,0,0,0,0,0,0,0,0,0,0,0,0,0,0
Philippines ,62.44,3.85,5.68,15.86,2.39,5.52,0,0,2.03,0,0,0,0,0,0,0,0,0,0,0,0,0,0,0,0,0,0,0,0,0,0
Argentina ,59.87,13.19,1.97,12.8,0,6.27,0,0,1.97,1.12,0,1.16,0,0,0,0,0,0,0,0,0,0,0,0,0,0,0,0,0,0,0
France ,39.2,15.82,10.24,23.71,3.93,3.98,0,0,0,0,0,0,0,0,0,0,0,0,0,0,0,0,0,0,0,0,0,0,0,0,0
Mexico ,48.27,18.01,6.86,9.96,2.98,7.6,0,0,2.66,1.19,0,0,0,0,0,0,0,0,0,0,0,0,0,0,0,0,0,0,0,0,0
Italy ,42.72,16.53,9.4,16.96,4.4,6.52,0,0,0,1.08,0,0,0,0,0,0,0,0,0,0,0,0,0,0,0,0,0,0,0,0,0
South Korea ,21.48,54.03,1.28,1.4,2.48,17.94,0,0,0,0,0,0,0,0,0,0,0,0,0,0,0,0,0,0,0,0,0,0,0,0,0
Spain ,43.53,15.03,7.9,17.08,3.95,9.99,0,0,0,0,0,0,0,0,0,0,0,0,0,0,0,0,0,0,0,0,0,0,0,0,0
Indonesia ,25.65,1.94,2.64,34.91,1.2,8.36,0,0,15.11,0,4.03,3.07,0,0,1.22,0,0,0,0,0,0,0,0,0,0,0,0,0,0,0,0
Malaysia ,48.48,8.28,5.46,14.8,2.62,13.85,0,0,3.33,0,0,0,0,0,0,0,0,0,0,0,0,0,0,0,0,0,0,0,0,0,0
China ,38.57,28.67,3.08,4.59,2.06,4.38,1.34,0,0,0,4.05,0,0,0,0,6.01,3.64,2.16,0,0,0,0,0,0,0,0,0,0,0,0,0
Serbia ,48.96,8.17,2.03,29.71,0,3.11,0,0,6.05,0,0,0,0,0,0,0,0,0,0,0,0,0,0,0,0,0,0,0,0,0,0
Australia ,33.7,18.92,19.25,11.54,9.78,3.73,0,0,0,0,0,0,0,0,0,0,0,0,0,0,0,0,0,0,0,0,0,0,0,0,0
Japan ,22.72,33.29,7.38,13.37,12.3,7.17,0,0,1.06,0,0,0,0,0,0,0,0,0,0,0,0,0,0,0,0,0,0,0,0,0,0
Poland ,34.19,5.89,1.29,26.13,0,17.82,0,0,10.23,0,0,1.64,0,0,0,0,0,0,0,0,0,0,0,0,0,0,0,0,0,0,0
Greece ,46.94,13.88,3.97,27.33,1.48,3.7,0,0,1.49,0,0,0,0,0,0,0,0,0,0,0,0,0,0,0,0,0,0,0,0,0,0
Netherlands ,34.83,22.55,14.12,12.46,6.51,7.12,0,0,0,0,0,0,0,0,0,0,0,0,0,0,0,0,0,0,0,0,0,0,0,0,0
Pakistan ,39.73,4.05,1.72,16.24,1.41,6.36,0,0,12.73,0,10.44,5.64,0,0,0,0,0,0,0,0,0,0,0,0,0,0,0,0,0,0,0
Colombia ,67.68,10.37,4.14,8.35,1.51,4.02,0,0,1.17,0,0,0,0,0,0,0,0,0,0,0,0,0,0,0,0,0,0,0,0,0,0
Singapore ,40.55,14.84,12.23,10.92,9.51,7.79,1.01,0,0,0,0,0,0,0,0,0,0,0,0,0,0,0,0,0,0,0,0,0,0,0,0
Romania ,46.95,11.14,2.32,26.48,1.46,4.23,0,0,5.26,0,0,0,0,0,0,0,0,0,0,0,0,0,0,0,0,0,0,0,0,0,0
Taiwan ,34.75,29.39,3.73,5.62,4.38,20.42,0,0,0,0,0,0,0,0,0,0,0,0,0,0,0,0,0,0,0,0,0,0,0,0,0
Saudi Arabia ,38.89,10.39,7.18,7.77,10.74,15.42,0,0,0,0,3.97,1.42,0,0,2.33,0,0,0,0,0,0,0,0,0,0,0,0,0,0,0,0
Egypt ,42.2,7.7,1.7,33.66,1.08,5.67,0,0,3.57,0,0,2.59,0,0,0,0,0,0,0,0,0,0,0,0,0,0,0,0,0,0,0
Russian Federation ,37.73,14.15,4.56,16.51,2.17,3.72,0,6.01,13.44,0,0,0,0,0,0,0,0,0,0,0,0,0,0,0,0,0,0,0,0,0,0
Sweden ,38.53,19.01,14.11,15.06,8.17,3.64,0,0,0,0,0,0,0,0,0,0,0,0,0,0,0,0,0,0,0,0,0,0,0,0,0
Hungary ,41.41,6.18,2.13,36.97,0,3.2,0,0,7.67,0,0,0,0,0,0,0,0,0,0,0,0,0,0,0,0,0,0,0,0,0,0
Peru ,63.66,18.34,1.79,9.66,0,2.83,0,0,1.16,0,0,0,0,0,0,0,0,0,0,0,0,0,0,0,0,0,0,0,0,0,0
Chile ,59.8,12.43,3.46,10.77,2.77,7.03,0,0,1.84,0,0,0,0,0,0,0,0,0,0,0,0,0,0,0,0,0,0,0,0,0,0
Portugal ,53.53,19.1,5.93,14.14,1.55,3.36,0,0,1,0,0,0,0,0,0,0,0,0,0,0,0,0,0,0,0,0,0,0,0,0,0
Belgium ,34.53,28.92,12.24,15.09,3.48,3.48,0,0,0,0,0,0,0,0,0,0,0,0,0,0,0,0,0,0,0,0,0,0,0,0,0
Israel ,46.41,23.67,3.48,8.44,4.19,3.42,0,0,2.44,0,0,0,0,0,7.02,0,0,0,0,0,0,0,0,0,0,0,0,0,0,0,0
Venezuela ,54.18,11.19,2.18,22.65,1.35,4.37,0,0,1.4,0,0,0,0,0,1.05,0,0,0,0,0,0,0,0,0,0,0,0,0,0,0,0
United Arab Emirates ,42.34,13.97,9.04,8.68,4.34,6.78,0,0,2.72,0,8.21,1.69,0,0,0,0,0,0,0,0,0,0,0,0,0,0,0,0,0,0,0
Vietnam ,44.8,7.73,4.38,16.49,6.64,2.99,0,0,2.12,1.39,1.12,0,0,0,0,0,0,0,10.18,0,0,0,0,0,0,0,0,0,0,0,0
Norway ,43.37,16.14,16.74,12.58,4.98,2.87,0,0,2.58,0,0,0,0,0,0,0,0,0,0,0,0,0,0,0,0,0,0,0,0,0,0
Bulgaria ,43.75,13.73,1.73,30.76,1.06,3.56,0,0,3.78,0,0,0,0,0,0,0,0,0,0,0,0,0,0,0,0,0,0,0,0,0,0
Iraq ,47.03,6.73,2.72,14.36,5.11,18.32,0,0,1.78,0,0,2.18,0,0,0,0,0,0,0,0,0,0,0,0,0,0,0,0,0,0,0
Ireland ,45.72,14.28,11.82,10.88,7.87,5.46,0,0,0,0,0,0,0,0,0,0,0,0,0,0,0,0,0,0,0,0,0,0,0,0,0
Morocco ,48.26,6.6,2.83,25.24,2.37,6.53,0,0,3.79,0,0,1.52,0,0,0,0,0,0,0,0,0,0,0,0,0,0,0,0,0,0,0
Bangladesh ,11.12,1.44,0,20.22,0,4.27,0,0,39.54,0,14.54,4.93,0,0,0,0,0,0,0,0,0,0,0,0,0,0,0,0,0,0,0
Switzerland ,30.86,19.96,17.21,19.82,6.72,3.18,0,0,0,0,0,0,0,0,0,0,0,0,0,0,0,0,0,0,0,0,0,0,0,0,0
Bosnia and Herzegovina ,54.1,5.16,1.68,29.17,0,4.31,0,0,3.51,0,0,0,0,0,0,0,0,0,0,0,0,0,0,0,0,0,0,0,0,0,0
Denmark ,37.48,19.97,18.22,11.43,8.38,3.08,0,0,0,0,0,0,0,0,0,0,0,0,0,0,0,0,0,0,0,0,0,0,0,0,0
New Zealand ,40.53,17.82,15.29,12.63,5.67,5,0,0,0,0,0,0,0,0,0,0,0,0,0,0,0,0,0,0,0,0,0,0,0,0,0
Finland ,35.11,12.81,9.49,25.64,5.88,5.02,0,0,1.43,3.52,0,0,0,0,0,0,0,0,0,0,0,0,0,0,0,0,0,0,0,0,0
Croatia ,44.95,10.83,2.88,29.64,2.21,5.11,0,0,3.14,0,0,0,0,0,0,0,0,0,0,0,0,0,0,0,0,0,0,0,0,0,0
Czech Republic ,39.05,20.11,3.38,26.63,0,2.82,0,0,4.9,0,0,0,0,0,0,0,0,0,0,0,0,0,0,0,0,0,0,0,0,0,0
South Africa ,20.4,15.17,4.68,6.67,2.85,6.98,0,0,20.26,1.84,1.81,6.11,0,0,12.42,0,0,0,0,0,0,0,0,0,0,0,0,0,0,0,0
Hong Kong ,39.58,23.09,10.76,9.98,5.3,8.79,0,0,0,0,0,0,0,0,0,0,0,0,0,0,0,0,0,0,0,0,0,0,0,0,0
Nigeria ,8.9,3.89,2.57,10.07,0,4.18,0,0,45.68,0,13.55,7.28,0,0,1.71,0,0,0,0,0,0,0,0,0,0,0,0,0,0,0,0
Algeria ,42.38,7.24,1.36,36.98,1,5.08,0,0,2.4,0,0,0,0,0,0,0,0,0,0,0,0,0,0,0,0,0,0,0,0,0,0
Austria ,28.68,18.43,10.11,29.92,4.09,5.76,0,0,1.7,0,0,0,0,0,0,0,0,0,0,0,0,0,0,0,0,0,0,0,0,0,0
Tunisia ,65.09,5.57,2.27,15.79,1.55,3.45,0,0,2.21,0,0,1.58,0,0,0,0,0,0,0,0,0,0,0,0,0,0,0,0,0,0,0
Albania ,57.79,5.8,3.16,18.52,4.63,4.15,0,0,2.96,0,0,0,0,0,0,0,0,0,0,0,0,0,0,0,0,0,0,0,0,0,0
Ecuador ,49.39,9.01,4.15,26,1.65,4.77,0,0,1.45,0,0,0,0,0,0,0,0,0,0,0,0,0,0,0,0,0,0,0,0,0,0
Ukraine ,40.49,8.48,3.18,19.68,1.16,2.44,0,3.31,18.89,0,0,0,0,0,0,0,0,0,0,0,0,0,0,0,0,0,0,0,0,0,0
Iran ,20.38,16.13,1.55,32.63,1.57,5.5,0,0,9.38,0,5.06,2.66,0,0,0,0,0,0,0,3.9,0,0,0,0,0,0,0,0,0,0,0
Kenya ,10.78,2.89,1.51,13.28,0,6.99,0,0,43.35,1.43,3.19,11.89,1.05,0,0,0,0,0,0,0,0,0,0,0,0,0,0,0,0,0,0
Guatemala ,45.25,14.28,4.5,13.14,4.79,10.95,0,0,2.87,1.26,0,0,0,0,1.29,0,0,0,0,0,0,0,0,0,0,0,0,0,0,0,0
Macedonia ,60.05,3.91,1.48,24.66,1.8,3.9,0,0,3.09,0,0,0,0,0,0,0,0,0,0,0,0,0,0,0,0,0,0,0,0,0,0
Azerbaijan ,51.39,4.58,1.85,3.69,2.95,9.13,0,2.78,18.88,0,0,2.34,0,0,0,0,0,0,0,0,0,0,0,0,0,0,0,0,0,0,0
Slovakia (Slovak Republic) ,44.66,12.3,3.28,26.68,1.14,3.95,0,0,6.26,0,0,0,0,0,0,0,0,0,0,0,0,0,0,0,0,0,0,0,0,0,0
Sri Lanka ,24.92,4.1,1.26,13.61,1.6,16.36,0,0,17.82,0,4.59,8.38,2.52,1.7,0,0,0,0,0,0,0,0,0,0,0,0,0,0,0,0,0
Slovenia ,42.09,15.6,4.33,30.66,1.14,3.72,0,0,1.46,0,0,0,0,0,0,0,0,0,0,0,0,0,0,0,0,0,0,0,0,0,0
Dominican Republic ,57.7,8.93,5.31,12.7,3.33,5.71,0,0,1.85,0,0,0,0,0,1.72,0,0,0,0,0,0,0,0,0,0,0,0,0,0,0,0
Qatar ,41.58,14.04,6.86,7.86,4.1,7.94,0,0,10.13,0,4.21,1.11,0,0,0,0,0,0,0,0,0,0,0,0,0,0,0,0,0,0,0
Uruguay ,57.89,9.37,2.47,20.34,0,4.04,0,0,1.35,0,0,0,0,0,0,0,0,0,0,0,0,0,0,0,0,0,0,0,0,0,0
Lithuania ,43.16,13.6,2.94,28.71,0,2.73,0,0,6.55,0,0,0,0,0,0,0,0,0,0,0,0,0,0,0,0,0,0,0,0,0,0
Jordan ,47.99,9.09,3.13,10.2,3.44,15.5,0,0,4.97,1.01,0,3.18,0,0,0,0,0,0,0,0,0,0,0,0,0,0,0,0,0,0,0
Georgia ,61.94,3.81,1.56,7.36,0,1.71,0,0,19.73,0,0,0,0,0,0,0,0,0,0,0,0,0,0,0,0,0,0,0,0,0,0
Bolivia ,41.56,14.19,2.48,24.58,2.76,8.63,0,0,3.38,0,0,0,0,0,0,0,0,0,0,0,0,0,0,0,0,0,0,0,0,0,0
Tanzania ,6.25,3.82,1.1,9.99,0,10.69,0,0,45.22,0,6.39,11.45,1.03,0,0,0,0,0,0,0,0,0,0,0,0,0,0,0,0,0,0
Costa Rica ,42.02,11.14,6.38,13.57,4.63,12.38,0,0,4.45,1.32,0,2.59,0,0,0,0,0,0,0,0,0,0,0,0,0,0,0,0,0,0,0
Puerto Rico ,38.03,18.66,11.29,10.71,6.48,10.32,0,0,0,0,0,0,0,0,0,0,0,0,0,0,1.26,0,0,0,0,0,0,0,0,0,0
El Salvador ,48.22,11.46,4.03,19.2,2.4,7.62,0,0,3.08,0,0,0,0,0,1.15,0,0,0,0,0,0,0,0,0,0,0,0,0,0,0,0
Kuwait ,29.7,13.54,9.19,6.24,16.56,10.38,0,0,10.45,0,1.79,0,0,0,0,0,0,0,0,0,0,0,0,0,0,0,0,0,0,0,0
Montenegro ,51.22,5.85,2.44,21.29,1.88,9.43,0,0,4.46,0,0,1.53,0,0,0,0,0,0,0,0,0,0,0,0,0,0,0,0,0,0,0
Cyprus ,47.37,18.31,8.22,16.25,2.46,4.63,0,0,1.44,0,0,0,0,0,0,0,0,0,0,0,0,0,0,0,0,0,0,0,0,0,0
Paraguay ,48.48,8.01,1.42,18.47,0,9.65,0,0,4.91,1.56,0,5.05,0,0,0,0,0,0,0,0,0,0,0,0,0,0,0,0,0,0,0
Kazakhstan ,47.9,8.28,3.33,12.53,3.25,6.47,0,2.49,12.29,0,0,1.34,0,0,0,0,0,0,0,0,0,0,0,0,0,0,0,0,0,0,0
Nepal ,36.53,3.48,2.06,17.57,2.66,6.43,0,0,18.52,0,7.37,2.78,0,0,0,0,0,0,0,0,0,0,0,0,0,0,0,0,0,0,0
Trinidad and Tobago ,51.99,15.08,6.49,13.15,1.73,6.87,0,0,0,0,0,0,0,0,0,0,0,0,0,0,0,0,0,0,0,0,0,0,0,0,0
Jamaica ,52.82,11.04,4.9,15.24,1.72,7.26,0,0,2.17,0,0,0,0,0,1.24,0,0,0,0,0,0,0,0,0,0,0,0,0,0,0,0
Palestinian Territory ,50.59,11.02,2.02,24.74,1.87,5.87,0,0,1.62,0,0,0,0,0,0,0,0,0,0,0,0,0,0,0,0,0,0,0,0,0,0
Latvia ,44.99,11.44,4.34,29.41,1.38,2.64,0,0,3.9,0,0,0,0,0,0,0,0,0,0,0,0,0,0,0,0,0,0,0,0,0,0
Estonia ,43.94,14.02,5.51,24.74,1.02,2.85,0,0,2.7,0,0,0,0,0,0,0,0,0,0,0,0,4.26,0,0,0,0,0,0,0,0,0
Sudan ,9.81,4.59,0,13.04,1.1,9.56,0,0,39.72,0,3.96,15.64,0,0,0,0,0,0,0,0,0,0,0,0,0,0,0,0,0,0,0
Belarus ,37.78,8.15,2.4,16.28,0,3.52,0,2.39,26.64,0,0,0,0,0,0,0,0,0,0,0,0,0,0,0,0,0,0,0,0,0,0
Oman ,28.15,11.79,2.93,6.11,3.32,21.87,0,0,1.17,0,9.81,11.73,0,0,1.06,0,0,0,0,0,0,0,0,0,0,0,0,0,0,0,0
Panama ,42.29,19.73,8,9.99,2.37,13.82,0,0,1.19,0,0,0,0,0,0,0,0,0,0,0,0,0,0,0,0,0,0,0,0,0,0
Yemen ,33.61,4.69,1.48,23.58,4.35,13.67,0,0,12.93,0,3.61,0,0,0,0,0,0,0,0,0,0,0,0,0,0,0,0,0,0,0,0
Moldova ,62.8,6.23,2.08,16.88,1.08,2.22,0,1.05,5.88,0,0,0,0,0,0,0,0,0,0,0,0,0,0,0,0,0,0,0,0,0,0
Bahrain ,34.25,18.56,6.24,7.35,6.32,16.67,0,0,3.57,0,3.34,1.48,0,0,0,0,0,0,0,0,0,0,0,0,0,0,0,0,0,0,0
Lebanon ,34.79,12.42,8,12.2,7.16,18.92,0,0,2.59,0,1.21,1.37,0,0,0,0,0,0,0,0,0,0,0,0,0,0,0,0,0,0,0
Armenia ,69.95,3.22,2.98,11.72,1.84,1.96,0,1.53,4.93,0,0,0,0,0,0,0,0,0,0,0,0,0,0,0,0,0,0,0,0,0,0
Iceland ,52.13,10.83,13.83,16.21,2.83,1.75,0,0,1,0,0,0,0,0,0,0,0,0,0,0,0,0,0,0,0,0,0,0,0,0,0
Myanmar ,11.18,1.39,3.58,34.72,4.25,39.61,0,0,1.48,0,2.37,0,0,0,0,0,0,0,0,0,0,0,0,0,0,0,0,0,0,0,0
Malta ,53.18,15.18,9.19,12.63,2.66,4.82,0,0,0,0,0,0,0,0,0,0,0,0,0,0,0,0,0,0,0,0,0,0,0,0,0
Honduras ,49.34,11.66,5.34,14.84,2.86,9.2,0,0,2.23,0,0,0,0,0,2.06,0,0,0,0,0,0,0,0,0,0,0,0,0,0,0,0
Zimbabwe ,10.37,8.67,1.64,12.23,0,2.98,0,0,51.55,1.49,2.44,7.1,0,0,0,0,0,0,0,0,0,0,0,0,0,0,0,0,0,0,0
Senegal ,36.52,11.95,3.03,33.33,1.67,5.59,0,0,3.32,0,1,1.1,0,0,0,0,0,0,0,0,0,0,0,0,0,0,0,0,0,0,0
Mauritius ,45.37,9.8,4.81,19.23,1.44,7.09,0,0,6.2,0,1.06,2.69,0,0,0,0,0,0,0,0,0,0,0,0,0,0,0,0,0,0,0
Libya ,36.87,7.81,3.08,14.65,3.16,11.11,0,0,15.62,0,1.18,5.38,0,0,0,0,0,0,0,0,0,0,0,0,0,0,0,0,0,0,0
Nicaragua ,48.01,9.63,3.29,19.97,1.89,5.37,0,0,4.47,0,1.27,2.63,0,0,0,0,0,0,0,0,0,0,0,0,0,0,0,0,0,0,0
Ghana ,16.44,5.23,2.54,28.17,1.19,6.43,0,0,24.93,0,8.41,3.61,0,0,0,0,0,0,0,0,0,0,0,0,0,0,0,0,0,0,0
Barbados ,49.55,15.66,7.97,14.75,1.27,4.83,0,0,1.93,0,0,0,0,0,0,0,0,0,0,0,0,0,0,0,0,0,0,0,0,0,0
Cambodia ,24.56,3.41,8,23.04,15.78,15.67,0,0,2.55,0,2.25,2.68,0,0,0,0,0,0,0,0,0,0,0,0,0,0,0,0,0,0,0
Zambia ,8.56,10.43,1.81,10.44,1.16,6.36,0,0,39.97,1.83,3.82,10.71,1.63,0,0,0,0,0,0,0,0,0,0,0,0,0,0,0,0,0,0
Brunei Darussalam ,31.77,5.1,10.22,13.21,5.22,14.16,0,0,15.85,0,1.47,1.9,0,0,0,0,0,0,0,0,0,0,0,0,0,0,0,0,0,0,0
Mozambique ,12.01,8.68,1.89,7.28,0,7.88,0,0,40.2,1.31,5.12,9.3,0,0,0,0,0,0,0,0,0,0,1.22,1.12,0,0,0,0,0,0,0
Syrian Arab Republic ,28.58,6.53,1.39,29.57,1.7,16.89,0,0,5.4,0,4.08,4.36,0,0,0,0,0,0,0,0,0,0,0,0,0,0,0,0,0,0,0
Mongolia ,42.03,3.56,4.5,34.32,4.07,8.69,0,0,1.61,0,0,0,0,0,0,0,0,0,0,0,0,0,0,0,0,0,0,0,0,0,0
Luxembourg ,30.03,17.71,15.07,22.7,7.7,3.99,0,0,1.09,0,0,0,0,0,0,0,0,0,0,0,0,0,0,0,0,0,0,0,0,0,0
Ethiopia ,12.41,5.4,0,27.51,1.52,2.46,0,0,28.47,0,12.79,6.95,0,0,0,0,0,0,0,0,0,0,0,0,0,0,0,0,0,0,0
Bahamas ,40.65,22.99,12.92,9.42,3.27,6.25,0,0,0,0,0,0,0,0,0,0,0,0,0,0,0,0,0,0,1.01,0,0,0,0,0,0
Uganda ,13.86,6.37,2.07,27.22,0,5.93,0,0,31.91,0,3.77,5.44,0,0,0,0,0,0,0,0,0,0,0,0,0,0,0,0,0,0,0
Reunion ,36.05,9.82,7.4,24.26,4.73,13.85,0,0,1.14,0,0,0,0,0,0,0,0,0,0,0,0,0,0,0,0,0,0,0,0,0,0
Bermuda ,20.94,41.32,24.86,7.34,1.84,1.88,0,0,0,0,0,0,0,0,0,0,0,0,0,0,0,0,0,0,0,0,0,0,0,0,0
Cote dIvoire ,27.96,5.3,1.87,22.71,1.02,11.45,0,0,15.21,0,2.63,1.86,2.16,0,0,0,0,0,0,0,0,0,0,1.83,0,2.43,0,0,0,0,0
Macao ,40.61,19.08,9.78,9.21,8.81,7.94,1.04,0,0,0,0,0,0,0,0,0,0,0,0,0,0,0,0,0,0,0,0,0,0,0,0
Maldives ,39.8,3.59,4.16,18.77,5.11,13.42,0,0,4.47,0,2.47,6.24,0,0,0,0,0,0,0,0,0,0,0,0,0,0,0,0,0,0,0
Cameroon ,14.93,6.52,2.31,45.04,0,4.39,0,0,17.17,0,3.27,1.73,0,0,0,0,0,0,0,0,0,0,0,0,0,0,0,0,0,0,0
Congo (Democratic Republic of the),7.54,4.44,1.65,9.58,1.18,12.45,0,0,38.34,3.02,5.56,5.21,4.28,0,0,0,0,0,0,0,0,0,1.15,0,0,0,1.81,0,0,0,0
Suriname ,38.57,17.19,5.92,12.87,3.02,15.27,0,0,1.95,0,0,0,0,0,2.94,0,0,0,0,0,0,0,0,0,0,0,0,0,0,0,0
Faroe Islands ,29.06,27.78,23.3,7.14,8.65,2.89,0,0,0,0,0,0,0,0,0,0,0,0,0,0,0,0,0,0,0,0,0,0,0,0,0
Angola ,22.82,19.54,7.79,9.4,3.69,7.05,0,0,24.81,1.18,0,1.68,0,0,0,0,0,0,0,0,0,0,0,0,0,0,0,0,0,0,0
Lao Peoples Democratic Republic ,26.12,8.06,4.97,15.88,8.42,12.43,0,0,6.89,4.81,4.04,7.44,0,0,0,0,0,0,0,0,0,0,0,0,0,0,0,0,0,0,0
Guam ,39.09,14.22,18.36,10.67,7.08,7.25,0,0,0,0,0,0,0,0,0,0,0,0,0,0,1.56,0,0,0,0,0,0,0,0,0,0
Guyana ,46.41,14.64,3.84,21.68,1.58,4.66,0,0,1.79,0,0,0,0,0,2.52,0,0,0,0,0,0,0,0,0,0,0,0,0,0,0,0
Netherlands Antilles ,42.35,22.23,12.26,9.89,3.38,6.11,0,0,0,0,0,0,0,0,1.31,0,0,0,0,0,0,0,0,0,0,0,0,0,0,0,0
Madagascar ,21.36,4.9,2.93,37.07,0,5.53,0,0,15.51,0,5.97,1.75,1.12,0,0,0,0,0,0,0,0,0,0,0,0,0,0,0,0,0,0
Uzbekistan ,28.49,4.41,1.85,7.92,5,8.38,0,1.02,25.22,0,9.78,6.11,0,0,0,0,0,0,0,0,0,0,0,0,0,0,0,0,0,0,0
Guadeloupe ,42.43,16.1,9.77,15.76,2.66,9.66,0,0,1.31,0,0,0,0,0,0,0,0,0,0,0,0,0,0,0,0,0,0,0,0,0,0
Mali ,7.41,6.15,1.33,8.64,1.32,11.69,0,0,31.79,0,9.17,4.87,5.22,0,0,0,0,0,0,0,0,0,0,1.7,0,3.42,4.2,0,0,0,0
Antigua and Barbuda ,46.68,16.34,10.85,11.02,2.36,7.64,0,0,1.42,0,0,0,0,0,0,0,0,0,0,0,0,0,0,0,0,0,0,0,0,0,0
Papua New Guinea ,5.09,5.54,1.14,3.25,0,26.87,0,0,37.03,0,3.03,10.83,0,0,0,0,0,0,0,0,0,0,0,4.7,0,0,0,0,0,0,0
Kyrgyz Republic ,46.6,6.12,2.51,7.89,2.77,6.74,0,1.57,19.28,0,1.92,2.77,0,0,0,0,0,0,0,0,0,0,0,0,0,0,0,0,0,0,0
Isle of Man ,25.49,33.2,21.12,10.05,4.62,2.19,0,0,0,0,0,0,0,0,0,0,0,0,0,0,0,0,0,0,0,0,0,0,0,0,0
Cuba ,11.9,9.55,0,73.88,0,0,0,0,1.18,0,0,0,0,0,0,0,0,0,0,0,0,0,0,0,0,0,0,0,0,0,0
Malawi ,13.25,9.81,1.91,14.23,0,2.59,0,0,44.68,0,4.03,5.56,0,0,0,0,0,0,0,0,0,0,0,0,0,0,0,0,0,0,0
Grenada ,54.01,13.94,7.53,13.25,1.31,5.16,0,0,1.54,0,0,0,0,0,0,0,0,0,0,0,0,0,0,0,1.08,0,0,0,0,0,0
Martinique ,44.2,15.51,6.44,12.63,2.62,15.91,0,0,1.02,0,0,0,0,0,0,0,0,0,0,0,0,0,0,0,0,0,0,0,0,0,0
Namibia ,20.59,15.98,3.64,9.49,2.16,9.41,0,0,22.18,2.1,2.03,9.36,0,0,0,0,0,0,0,0,0,0,0,0,0,0,0,0,0,0,0
Aruba ,35.3,23.4,14.3,8.12,8.14,7.71,0,0,0,0,0,0,0,0,1.08,0,0,0,0,0,0,0,0,0,0,0,0,0,0,0,0
Afghanistan ,25.33,16.01,4.5,20.93,4.85,8.35,0,0,7.26,0,5.31,5.3,0,0,0,0,0,0,0,0,0,0,0,0,0,0,0,0,0,0,0
Botswana ,25.19,19.02,3.36,22.82,1.15,3.87,0,0,7.64,1.27,7.25,5.21,0,0,1.19,0,0,0,0,0,0,0,0,0,0,0,0,0,0,0,0
Togo ,18.16,7.57,2.15,50.58,0,5.05,0,0,8.75,0,3.9,1.09,0,0,0,0,0,0,0,0,0,0,0,0,0,0,0,0,0,0,0
Fiji ,30.32,12.98,4.51,28.61,1.8,10.61,0,0,6.23,0,2.01,1.13,0,0,0,0,0,0,0,0,0,0,0,0,0,0,0,0,0,0,0
Haiti ,24.15,14.37,7.09,11.48,2.86,10.95,0,0,10.07,0,3.55,0,3.55,0,0,0,0,0,0,0,0,0,0,7.35,0,0,0,0,0,0,0
Rwanda ,19.81,5.64,2.72,25.05,0,3.44,0,0,34.24,0,4.48,2.13,0,0,0,0,0,0,0,0,0,0,0,0,0,0,0,0,0,0,0
Benin ,21.64,4.7,1.99,17.71,1.06,6.26,0,0,30.18,0,8.82,4.02,0,0,0,0,0,0,0,0,0,0,0,0,0,0,0,0,0,0,0
Mauritania ,37.47,8.8,2.18,20.11,2.05,6.86,0,0,9.36,0,2.94,6.83,0,0,0,0,0,0,0,0,0,0,0,0,0,1.16,0,0,0,0,0
Jersey ,29.26,21.21,28.02,10.65,6.02,2.02,0,0,0,0,0,0,0,0,0,0,0,0,0,0,0,0,0,0,0,0,0,0,0,0,0
French Guiana ,44.36,15.68,6.66,21.58,1.33,7.95,0,0,0,0,0,0,0,0,0,0,0,0,0,0,0,0,0,0,0,0,0,0,0,0,0
French Polynesia ,32.65,12.58,16.71,26.43,3.48,5.58,0,0,0,0,0,0,0,0,0,0,0,0,0,0,0,0,0,0,0,0,0,0,0,0,0
Cape Verde ,48.47,18.78,4.02,14.75,1.74,5.7,0,0,3.47,0,0,0,0,0,0,0,0,0,0,0,0,0,0,0,0,0,0,0,0,0,0
Belize ,37.41,16.12,7.78,22.4,4.03,7.82,0,0,1.04,0,0,0,0,0,0,0,0,0,0,0,0,0,0,0,0,0,0,0,0,0,0
Cayman Islands ,32.41,21.36,20.65,11.1,6.41,4.2,0,0,0,0,0,0,0,0,0,0,0,0,0,0,0,0,0,0,1.68,0,0,0,0,0,0
Burkina Faso ,14.6,11.02,1.98,27.08,0,9.39,0,0,18.06,0,6.83,2.7,1.83,0,0,0,0,0,0,0,0,0,0,0,0,1.73,1.16,0,0,0,0
Guernsey ,23.27,25.84,31.13,8.7,5.85,2.31,0,0,0,0,0,0,0,0,0,0,0,0,0,0,0,0,0,0,0,0,0,0,0,0,0
Gabon ,23.01,19.46,5.46,20.95,1.56,7.29,0,0,12.66,0,1.33,1.92,0,0,2.89,0,0,0,0,0,0,0,0,0,0,0,0,0,0,0,0
Northern Mariana Islands ,54.41,18.74,7.04,11.68,1.09,5.5,0,0,0,0,0,0,0,0,0,0,0,0,0,0,0,0,0,0,0,0,0,0,0,0,0
 ,12.5,16.97,5.96,61.01,87.5,1.38,0,0,0,0,0,0,0,0,2.11,0,0,0,0,0,1.46,0,0,0,0,0,0,0,0,0,0
Sierra Leone ,6.14,5.88,1.73,8.69,1.31,3.92,0,0,54.88,1.17,9.08,5.81,0,0,0,0,0,0,0,0,0,0,0,0,0,0,0,0,0,0,0
Saint Lucia ,53.23,14.1,6.49,14.37,1.61,4.5,0,0,1.89,0,0,0,0,0,1.18,0,0,0,0,0,0,0,0,0,0,0,0,0,0,0,0
New Caledonia ,31.19,16.4,14.8,26.23,2.55,6.37,0,0,0,0,0,0,0,0,0,0,0,0,0,0,0,0,0,0,0,0,0,0,0,0,0
Tajikistan ,35.67,6.22,2.29,6.47,3.01,7.96,0,1.7,25.47,0,3.39,4.85,0,0,0,0,0,0,0,0,0,0,0,0,0,0,0,0,0,0,0
Bhutan ,40.47,6.04,3.14,16.11,1.97,4.12,0,0,7.3,2.2,9.01,7.42,1.13,0,0,0,0,0,0,0,0,0,0,0,0,0,0,0,0,0,0
Andorra ,36.2,19.76,14.86,13.78,4.8,8.98,0,0,0,0,0,0,0,0,0,0,0,0,0,0,0,0,0,0,0,0,0,0,0,0,0
Congo (Republic of the),12.43,8.75,2.48,17.76,1.71,5.17,0,0,40.33,0,5.21,0,0,0,1.05,0,0,0,0,0,0,0,0,0,0,0,0,0,0,0,0
Niger ,9.03,7.75,1.19,12.8,0,11.97,0,0,31.18,0,10.06,8.75,1.64,0,0,0,0,0,0,0,0,0,0,0,0,1.6,0,0,0,0,0
Djibouti ,29.41,7.74,1.87,19.18,1.07,4.62,0,0,13.44,0,11.41,8.67,0,0,0,0,0,0,0,0,0,0,0,0,0,0,0,0,0,0,0
Gibraltar ,38.95,16.32,21.08,10.83,7,3.62,0,0,0,0,0,0,0,0,0,0,0,0,0,0,0,0,0,0,0,0,0,0,0,0,0
Swaziland ,11.1,10.82,1.59,5.79,1.23,3.84,0,0,43.88,2.59,3.76,13.03,0,0,0,0,0,0,0,0,0,0,0,0,0,0,0,0,0,0,0
Guinea ,15.74,7.06,3.15,20.11,1.82,12.05,0,0,27.5,0,5.59,2.63,0,0,0,0,0,0,0,0,0,0,0,0,0,0,0,0,0,0,0
Saint Vincent and the Grenadines ,59.44,12.63,4.91,11.97,0,4.64,0,0,1.37,0,0,0,0,0,1.47,0,0,0,0,0,0,0,0,0,0,0,0,0,0,0,0
Saint Kitts and Nevis ,51.73,13.26,12.38,12.57,3.57,3.13,0,0,0,0,0,0,0,0,0,0,0,0,0,0,0,0,0,0,0,0,0,0,0,0,0
Lesotho ,10.92,15.37,1.19,9.79,0,2.42,0,0,35.71,1.53,4.08,15.37,1.3,0,0,0,0,0,0,0,0,0,0,0,0,0,1.05,0,0,0,0
Mayotte ,44.73,14.05,2.88,19.32,2.51,12.94,0,0,1.54,0,0,0,0,0,0,0,0,0,0,0,0,0,0,0,0,0,0,0,0,0,0
Monaco ,27.95,19.65,28.01,15.72,5.58,1.9,0,0,0,0,0,0,0,0,0,0,0,0,0,0,0,0,0,0,0,0,0,0,0,0,0
Gambia ,16.12,6.26,2.71,28.31,3.5,10.2,0,0,17.19,1.1,10.42,2.17,0,0,0,0,0,0,0,0,0,0,0,0,0,0,0,0,0,0,0
Turkmenistan ,28.22,6.76,2.2,4.86,9.24,25.95,0,0,7.07,1.17,4.45,7.22,0,0,0,0,0,0,0,1.09,0,0,0,0,0,0,0,0,0,0,0
Liberia ,13.18,10.03,3.13,10.25,2.12,17.48,0,0,24.18,1.01,9.99,7.34,0,0,0,0,0,0,0,0,0,0,0,0,0,0,0,0,0,0,0
Turks and Caicos Islands ,40.58,17.14,16.51,14.61,4.03,3.12,0,0,0,0,0,0,0,0,1.02,0,0,0,0,0,0,0,0,0,0,0,0,0,0,0,0
Seychelles ,27.26,18.69,6.11,17.5,2.66,10.76,0,0,6.85,1.53,3.69,3.73,0,0,0,0,0,0,0,0,0,0,0,0,0,0,0,0,0,0,0
Cook Islands ,9.04,14.15,3.21,8.32,1.28,2.82,0,0,0,0,0,0,0,0,0,0,0,0,0,0,0,0,0,0,0,0,0,60.66,0,0,0
Liechtenstein ,21.51,28.31,17.7,21.47,5.98,3.33,0,0,0,0,0,0,0,0,0,0,0,0,0,0,0,0,0,0,0,0,0,0,0,0,0
Timor-Leste ,8.61,9.07,2.29,21.42,1.14,3.83,0,0,38.61,0,3,10.2,0,0,0,0,0,0,0,0,0,0,0,0,0,0,0,0,0,0,0
Dominica ,53.11,14.55,6.53,13.21,0,6.46,0,0,1.5,0,0,0,0,0,1.37,0,0,0,0,0,0,0,0,0,0,0,0,0,0,0,0
San Marino ,38.02,17.18,12.79,24.23,3.04,3.09,0,0,0,0,0,0,0,0,0,0,0,0,0,0,0,0,0,0,0,0,0,0,0,0,0
Greenland ,26.04,22.86,15.13,7.99,9.17,7.64,0,0,8.55,0,0,0,0,0,0,0,0,0,0,0,0,0,0,0,0,0,0,0,1.07,0,0
Burundi ,15.2,10.79,2.93,24.23,0,5.75,0,0,29.24,0,5.29,3.03,0,0,0,0,0,0,0,0,0,0,0,0,0,0,0,0,0,0,0
Somalia ,34.21,11.75,1.26,23.64,0,4.11,0,0,12.82,0,4.34,5.68,0,0,0,0,0,0,0,0,0,0,0,0,0,0,0,0,0,0,0
Equatorial Guinea ,26.84,15.32,3.04,18.71,2.04,7.58,0,0,16.45,0,3.81,2.47,0,0,0,0,0,0,0,0,0,0,0,0,0,0,0,0,0,0,0
British Virgin Islands ,38.93,25.84,15.49,9.34,3.56,3.24,0,0,0,0,0,0,0,0,0,0,0,0,0,0,0,0,0,0,0,0,0,0,0,0,0
American Samoa ,29.85,13.38,18.64,18.49,4.52,9.31,0,0,1.62,0,0,0,0,0,0,0,0,0,0,0,1.73,0,0,0,0,0,0,0,0,0,0
Micronesia ,34.31,13.16,5.79,22.01,0,1.75,0,0,20.7,0,0,0,0,0,0,0,0,0,0,0,0,0,0,0,0,0,0,0,0,0,0
Anguilla ,33.37,25.47,7.15,23.17,1.94,2.46,0,0,1.98,0,0,0,0,0,2.93,0,0,0,0,0,0,0,0,0,0,0,0,0,0,0,0
Marshall Islands ,40.49,16.03,10.34,21.98,3.21,3.53,0,0,0,0,0,0,0,0,0,0,0,0,0,0,1.89,0,0,0,0,0,0,0,0,1.88,0
Vanuatu ,34.12,19.53,9.62,23.33,2.19,8.82,0,0,0,0,0,0,0,0,0,0,0,0,0,0,0,0,0,0,0,0,0,0,0,0,0
Chad ,10.71,7.24,1.59,6.28,2.02,8.48,0,0,32.12,0,4.38,20.24,1.46,0,0,0,0,0,0,0,0,0,0,0,0,0,1.52,0,0,0,0
Saint Martin ,41.46,11.92,22.12,12.2,4.4,4.2,0,0,0,0,0,0,0,0,0,0,0,0,0,0,0,0,0,0,0,0,0,0,0,0,0
Sao Tome and Principe ,42.46,27.26,4.14,17.13,0,2.79,0,0,3.11,0,0,0,0,0,0,0,0,0,0,0,0,0,0,0,0,0,0,0,0,0,0
Samoa ,18.58,17.12,2.95,22.1,1.92,16.85,0,0,12.55,0,1.47,2.77,0,0,0,0,0,0,0,0,0,0,0,0,0,1.44,0,0,0,0,0
Tonga ,26.39,17.52,6.25,32.91,1.16,9.2,0,0,1.47,1.41,0,1.33,0,0,0,0,0,0,0,0,0,0,0,0,0,0,0,0,0,0,0
Saint Pierre and Miquelon ,40.01,14.47,12.42,28.64,0,2.16,0,0,1.14,0,0,0,0,0,0,0,0,0,0,0,0,0,0,0,0,0,0,0,0,0,0
Holy See (Vatican City State) ,29.39,38.97,6.86,21.59,0,0,0,0,0,0,0,0,0,0,0,0,0,0,0,0,0,0,0,0,0,0,0,0,0,0,1.18
Comoros ,39.38,11.1,3.76,28.96,0,4.64,0,0,4.31,0,1.61,0,1.51,0,0,0,0,0,0,0,0,0,0,0,0,0,0,0,0,0,0
Solomon Islands ,19.86,21.9,6.41,11.3,2.17,6.16,0,0,14.73,2.14,4.26,8.16,1.06,0,0,0,0,0,0,0,0,0,0,0,0,0,0,0,0,0,0
Eritrea ,10.38,8.41,0,77.41,0,0,0,0,1.13,0,0,0,0,0,0,0,0,0,0,0,0,0,0,0,0,0,0,0,0,0,0
Guinea-Bissau ,20.8,23.4,7.08,35.36,2.31,5.63,0,0,2.07,0,1.4,0,0,0,0,0,0,0,0,0,0,0,0,0,0,0,0,0,0,0,0
Palau ,39.89,31.35,4.43,16.35,1.75,3.5,0,0,0,0,0,0,0,0,0,0,0,0,0,0,0,0,0,0,0,0,0,0,0,0,0
Central African Republic ,28.19,13.58,5.28,28.12,1.13,9.79,0,0,11.89,0,0,0,0,0,0,0,0,0,0,0,0,0,0,0,0,0,0,0,0,0,0
North Korea ,55.4,10.15,7.07,22.01,0,0,0,0,1.67,0,0,0,0,0,0,1.62,0,0,0,0,0,0,0,0,0,0,0,0,0,0,0
Falkland Islands (Malvinas) ,21.84,34.12,15.44,20.85,2.81,2.96,0,0,1.15,0,0,0,0,0,0,0,0,0,0,0,0,0,0,0,0,0,0,0,0,0,0
Wallis and Futuna ,33.93,8.69,8.26,37.78,0,2.38,0,0,0,0,0,0,0,0,0,0,0,0,0,0,7.83,0,0,0,0,0,0,0,0,0,0
Kiribati ,28.57,26.04,1.84,34.21,0,3.12,0,0,5.25,0,0,0,0,0,0,0,0,0,0,0,0,0,0,0,0,0,0,0,0,0,0
Montserrat ,51.29,19.81,3.28,20.75,0,1.7,0,0,0,0,0,0,0,0,1.89,0,0,0,0,0,0,0,0,0,0,0,0,0,0,0,0
Saint Helena ,44,38.68,3.05,9.85,0,2.48,0,0,0,0,0,0,0,0,1.12,0,0,0,0,0,0,0,0,0,0,0,0,0,0,0,0
Tuvalu ,39.61,15.96,3.7,35.14,0,5.03,0,0,0,0,0,0,0,0,0,0,0,0,0,0,0,0,0,0,0,0,0,0,0,0,0
Niue ,29.12,15.56,9.9,43.73,0,1.48,0,0,0,0,0,0,0,0,0,0,0,0,0,0,0,0,0,0,0,0,0,0,0,0,0
Tokelau ,24.86,9.58,0,64.99,0,0,0,0,0,0,0,0,0,0,0,0,0,0,0,0,0,0,0,0,0,0,0,0,0,0,0
Nauru ,37.33,24,0,38.67,0,0,0,0,0,0,0,0,0,0,0,0,0,0,0,0,0,0,0,0,0,0,0,0,0,0,0
Christmas Island ,97.3,0,0,2.7,0,0,0,0,0,0,0,0,0,0,0,0,0,0,0,0,0,0,0,0,0,0,0,0,0,0,0
Norfolk Island ,9.09,54.55,0,36.36,0,0,0,0,0,0,0,0,0,0,0,0,0,0,0,0,0,0,0,0,0,0,0,0,0,0,0
Svalbard & Jan Mayen Islands ,0,0,0,100,0,0,0,0,0,0,0,0,0,0,0,0,0,0,0,0,0,0,0,0,0,0,0,0,0,0,0
