"Continent","Chrome","IE","Firefox","Safari","iPhone","Android","Yandex Browser","Opera","UC Browser","Nokia","NetFront","BlackBerry","Sogou Explorer","Maxthon","QQ Browser","360 Safe Browser","CoRom+","Puffin","IEMobile","Chromium","iPod Touch","Silk","Sony PS3","Phantom","Iron"
United States of America ,30.06,27.65,13.86,12.63,6.61,5.08,0,0,0,0,0,0,0,0,0,0,0,0,0,0,0,0,0,0,0
Turkey ,54.19,24.6,7.71,1.61,1.54,4.77,2.69,1.44,0,0,0,0,0,0,0,0,0,0,0,0,0,0,0,0,0
Brazil ,60.43,16.12,13.43,2.1,1.01,3.5,0,1.57,0,0,0,0,0,0,0,0,0,0,0,0,0,0,0,0,0
India ,21.42,5.17,11.1,0,0,7.35,0,17.63,18.81,8.74,4.88,0,0,0,0,0,0,0,0,0,0,0,0,0,0
United Kingdom ,33.65,24.98,12.97,12.83,5.94,4.38,0,1.07,0,0,0,1.79,0,0,0,0,0,0,0,0,0,0,0,0,0
Germany ,22.39,17.81,40.37,6.97,2.43,5.14,0,2.17,0,0,0,0,0,0,0,0,0,0,0,0,0,0,0,0,0
Canada ,31.89,26.87,15.78,13.76,5.5,2.84,0,0,0,0,0,1.06,0,0,0,0,0,0,0,0,0,0,0,0,0
Thailand ,43.85,18.48,11.62,6.45,6.1,9.76,0,1.1,0,0,0,0,0,0,0,0,0,0,0,0,0,0,0,0,0
China ,28.19,43.14,3.94,2.09,0,2.33,0,2.91,2.63,0,0,0,7.1,2.33,1.93,1.13,0,0,0,0,0,0,0,0,0
Argentina ,57.95,16.92,14.33,1.78,0,4.69,0,1.66,0,0,0,0,0,0,0,0,0,0,0,0,0,0,0,0,0
South Korea ,14.95,54.04,1.74,1.19,2.19,24.31,0,0,0,0,0,0,0,0,0,0,0,0,0,0,0,0,0,0,0
Philippines ,59.8,4.15,18.84,4.82,1.89,4.37,0,3.3,0,0,0,0,0,0,0,0,0,0,0,0,0,0,0,0,0
Mexico ,44.62,23.44,10.86,6.4,1.97,6.62,0,2.56,0,0,0,0,0,0,0,0,0,0,0,0,0,0,0,0,0
Indonesia ,21.06,1.55,36.54,2.18,0,7.82,0,21.46,1.62,4.21,0,1.52,0,0,0,0,0,0,0,0,0,0,0,0,0
Italy ,39.81,22.51,17.29,8.34,3.54,5.59,0,0,0,0,0,0,0,0,0,0,0,0,0,0,0,0,0,0,0
Spain ,40.13,20.95,18.14,7.12,3.09,8.39,0,0,0,0,0,0,0,0,0,0,0,0,0,0,0,0,0,0,0
France ,34.5,22.92,23.76,8.89,3.4,4.08,0,0,0,0,0,0,0,0,0,0,0,0,0,0,0,0,0,0,0
Malaysia ,44.66,10.52,16.49,4.99,2.24,14.12,0,3.5,0,1.05,0,0,0,0,0,0,0,0,0,0,0,0,0,0,0
Serbia ,46.44,9.03,32.7,1.85,0,2.43,0,5.92,0,0,0,0,0,0,0,0,0,0,0,0,0,0,0,0,0
Australia ,29.8,25.22,13.9,16.86,8.41,3.73,0,0,0,0,0,0,0,0,0,0,0,0,0,0,0,0,0,0,0
Japan ,19.53,44.19,10.7,7.31,7.55,6.45,0,0,0,0,0,0,0,0,0,0,0,0,0,0,0,0,0,0,0
Poland ,34.47,9.88,37.75,1.65,0,5.95,0,8.08,0,0,0,0,0,0,0,0,0,0,0,0,0,0,0,0,0
Taiwan ,40.52,29.41,8.52,4.09,2.97,13.01,0,0,0,0,0,0,0,0,0,0,0,0,0,0,0,0,0,0,0
Pakistan ,39.46,5.57,17.65,1.39,1.28,5.27,0,13.2,7.94,6.69,0,0,0,0,0,0,0,0,0,0,0,0,0,0,0
Colombia ,66.64,13.01,9.57,3.64,1.04,3.04,0,0,0,0,0,0,0,0,0,0,0,0,0,0,0,0,0,0,0
Netherlands ,29.97,27.21,12.68,13.98,5.93,8.14,0,0,0,0,0,0,0,0,0,0,0,0,0,0,0,0,0,0,0
Greece ,43.12,15.34,29.92,3.74,1.67,3.55,0,1.36,0,0,0,0,0,0,0,0,0,0,0,0,0,0,0,0,0
Romania ,45.11,12.99,29.81,1.91,1.05,2.86,0,4.57,0,0,0,0,0,0,0,0,0,0,0,0,0,0,0,0,0
Chile ,60.31,13.95,11.17,3,2.35,6.58,0,1.2,0,0,0,0,0,0,0,0,0,0,0,0,0,0,0,0,0
Portugal ,48.43,27.34,14.2,4.69,0,2.36,0,0,0,0,0,0,0,0,0,0,0,0,0,0,0,0,0,0,0
Egypt ,41.26,12.72,33.53,1.51,0,2.87,0,3.32,0,2.39,0,0,0,0,0,0,0,0,0,0,0,0,0,0,0
Singapore ,33.85,19.35,13.07,12.63,9.19,9.14,0,0,0,0,0,0,0,0,0,0,0,0,0,0,0,0,0,0,0
Russian Federation ,37.35,14.74,19.65,4.09,1.6,2.76,5.13,13.04,0,0,0,0,0,0,0,0,0,0,0,0,0,0,0,0,0
Sweden ,36.41,21.89,16.3,12.75,7.18,3.97,0,0,0,0,0,0,0,0,0,0,0,0,0,0,0,0,0,0,0
Hungary ,37.87,7.28,39.95,1.73,0,2.53,0,8.61,0,0,0,0,0,0,0,0,0,0,0,0,0,0,0,0,0
Peru ,56.16,24.67,11.69,1.75,0,2.63,0,1.3,0,0,0,0,0,0,0,0,0,0,0,0,0,0,0,0,0
Saudi Arabia ,34.87,13.14,8.82,7.05,7.64,14.93,0,0,3.68,3.28,0,4.39,0,0,0,0,0,0,0,0,0,0,0,0,0
Israel ,45.24,34.62,8.79,3.1,3.64,3.42,0,0,0,0,0,0,0,0,0,0,0,0,0,0,0,0,0,0,0
Vietnam ,47.3,8.74,20.74,3.26,5.95,2.52,0,2.76,2.87,1.04,0,0,0,0,0,0,3.24,0,0,0,0,0,0,0,0
Venezuela ,53.34,14.32,23.78,1.82,0,2.56,0,1.23,0,0,0,0,0,0,0,0,0,0,0,0,0,0,0,0,0
Belgium ,33.16,29.76,16.43,12.34,2.63,3.27,0,0,0,0,0,0,0,0,0,0,0,0,0,0,0,0,0,0,0
United Arab Emirates ,40.46,17.5,9.12,7.91,2.99,6.53,0,2.96,4.91,5.27,0,1.07,0,0,0,0,0,0,0,0,0,0,0,0,0
Morocco ,50.55,7.35,27.54,2.38,1.77,4.09,0,3.04,0,1.14,0,0,0,0,0,0,0,0,0,0,0,0,0,0,0
Iraq ,46.55,11.29,18.65,2.92,3.97,10.07,0,2,0,2.72,0,0,0,0,0,0,0,0,0,0,0,0,0,0,0
Norway ,33.47,23.29,13.56,17.09,5.28,4.08,0,2.41,0,0,0,0,0,0,0,0,0,0,0,0,0,0,0,0,0
Ireland ,39.83,17.89,13.75,11.19,7.53,5.87,0,0,0,0,0,0,0,0,0,0,0,0,0,0,0,0,0,0,0
Bulgaria ,40.06,16.36,33.96,1.61,0,2.62,0,3.07,0,0,0,0,0,0,0,0,0,0,0,0,0,0,0,0,0
Iran ,18.13,21.69,35.52,1.55,1.51,4.65,0,6.91,4.86,2.45,0,0,0,0,0,0,0,1.25,0,0,0,0,0,0,0
Bosnia and Herzegovina ,52.27,6.05,32.91,1.63,0,2.8,0,2.7,0,0,0,0,0,0,0,0,0,0,0,0,0,0,0,0,0
Finland ,32.62,14.52,28.31,9.86,4.35,4.65,0,1.54,0,0,0,0,0,0,0,0,0,0,2.91,0,0,0,0,0,0
Denmark ,33.43,25.51,11.7,17.4,7.32,3.24,0,0,0,0,0,0,0,0,0,0,0,0,0,0,0,0,0,0,0
New Zealand ,37.17,21.98,14.94,14.61,4.33,4.14,0,0,0,0,0,0,0,0,0,0,0,0,0,0,0,0,0,0,0
Tunisia ,60.13,12.36,14.52,1.98,1.78,3.1,0,2.2,0,1.75,0,0,0,0,0,0,0,0,0,0,0,0,0,0,0
Switzerland ,22.12,26.13,21.32,17.99,6.41,3.85,0,0,0,0,0,0,0,0,0,0,0,0,0,0,0,0,0,0,0
Hong Kong ,32.87,27.14,11.68,9.89,4.55,11.4,0,0,0,0,0,0,0,0,0,0,0,0,0,0,0,0,0,0,0
Austria ,24.84,21.69,31.74,9.5,3.3,6.06,0,1.55,0,0,0,0,0,0,0,0,0,0,0,0,0,0,0,0,0
Algeria ,31.42,32.15,28.37,0,0,2.13,0,1.44,0,0,0,0,0,0,0,0,0,0,0,0,0,0,0,0,0
Czech Republic ,38.04,19.63,29.19,3.02,0,2.59,0,4.76,0,0,0,0,0,0,0,0,0,0,0,0,0,0,0,0,0
Croatia ,39.86,12.54,32.06,3.55,2.5,5.28,0,2.92,0,0,0,0,0,0,0,0,0,0,0,0,0,0,0,0,0
South Africa ,19.91,24.8,10.66,5.97,1.99,4.43,0,13.57,1.39,3.12,0,13.09,0,0,0,0,0,0,0,0,0,0,0,0,0
Ecuador ,47.51,11.53,27.33,3.59,1.22,4.39,0,1.43,0,0,0,0,0,0,0,0,0,0,0,0,0,0,0,0,0
Albania ,57.36,6.74,20.39,2.79,3.83,3.67,0,2.55,0,0,0,0,0,0,0,0,0,0,0,0,0,0,0,0,0
Ukraine ,37.64,9.05,23.33,2.88,0,1.73,2.69,19.71,0,0,0,0,0,0,0,0,0,0,0,0,0,0,0,0,0
Bangladesh ,11.95,2.3,24.14,0,0,3.38,0,29.64,18.6,6.27,0,0,0,0,0,0,0,0,0,0,0,0,0,0,0
Nigeria ,8.17,5.07,12.37,3.12,0,2.7,0,36.98,21.38,7.67,0,0,0,0,0,0,0,0,0,0,0,0,0,0,0
Macedonia ,58.75,4.74,26.79,1.34,1.34,3.35,0,2.44,0,0,0,0,0,0,0,0,0,0,0,0,0,0,0,0,0
Sri Lanka ,34.34,7.31,23.98,1.5,1.13,6.06,0,13.58,4.15,4.35,1.42,0,0,0,0,0,0,0,0,0,0,0,0,0,0
Dominican Republic ,60.5,9.41,14.04,4.56,2.41,3.94,0,1.65,0,0,0,1.59,0,0,0,0,0,0,0,0,0,0,0,0,0
Guatemala ,42.6,19.27,16.51,4.38,3.7,7.05,0,3.08,0,0,0,1.01,0,0,0,0,0,0,0,0,0,0,0,0,0
Slovakia (Slovak Republic) ,43.84,10.48,30.32,2.94,0,3.59,0,6.31,0,0,0,0,0,0,0,0,0,0,0,0,0,0,0,0,0
Uruguay ,57.03,11.1,23.43,1.99,0,2.13,0,1.14,0,0,0,0,0,0,0,0,0,0,0,1.39,0,0,0,0,0
Azerbaijan ,51.39,7.45,5.46,1.9,1.71,4.72,2.86,21.07,0,1.77,0,0,0,0,0,0,0,0,0,0,0,0,0,0,0
Qatar ,42.85,18.15,9.95,6.48,2.59,6.12,0,7.2,2.5,2.3,0,0,0,0,0,0,0,0,0,0,0,0,0,0,0
Jordan ,49.59,10.59,12.19,2.97,2.51,10.66,0,5.13,0,4.38,0,0,0,0,0,0,0,0,0,0,0,0,0,0,0
Lithuania ,40.92,14.46,31.84,2.59,0,2.55,0,5.66,0,0,0,0,0,0,0,0,0,0,0,0,0,0,0,0,0
Slovenia ,37.19,16.73,34.5,4.47,0,3.78,0,1.48,0,0,0,0,0,0,0,0,0,0,0,0,0,0,0,0,0
Bolivia ,35.62,20.51,27.63,2.53,2.05,6.49,0,2.91,0,0,0,0,0,0,0,0,0,0,0,0,0,0,0,0,0
Georgia ,61.97,4.28,9.12,1.41,0,1.05,0,19.3,0,0,0,0,0,0,0,0,0,0,0,0,0,0,0,0,0
Costa Rica ,40.64,14.95,16.64,5.88,3.38,8.61,0,4.11,0,3.41,0,0,0,0,0,0,0,0,0,0,0,0,0,0,0
Paraguay ,47.74,11.38,22.29,1.27,0,5.75,0,5.04,0,3.93,0,0,0,0,0,0,0,0,0,0,0,0,0,0,0
Puerto Rico ,33.75,21.11,12.01,11.23,5.11,12.1,0,0,0,0,0,0,0,0,0,0,0,0,0,0,1.54,0,0,0,0
Montenegro ,47.82,7.83,24.73,3.29,1.64,6.65,0,4.93,0,1.55,0,0,0,0,0,0,0,0,0,0,0,0,0,0,0
El Salvador ,48.48,14.84,20.85,3.5,1.4,4.26,0,3.37,0,0,0,0,0,0,0,0,0,0,0,0,0,0,0,0,0
Nepal ,38.23,5.01,22.33,1.93,2,4.13,0,15.38,6.12,2.29,0,0,0,0,0,0,0,0,0,0,0,0,0,0,0
Cyprus ,45.65,20.02,18.02,7.36,2.02,3.87,0,1.73,0,0,0,0,0,0,0,0,0,0,0,0,0,0,0,0,0
Kuwait ,27.34,17.48,7.96,8.82,11.26,9.69,0,12.89,1.01,0,0,1.35,0,0,0,0,0,0,0,0,0,0,0,0,0
Palestinian Territory ,47.04,19.36,23.26,1.35,1.36,4.11,0,1.39,0,0,0,0,0,0,0,0,0,0,0,0,0,0,0,0,0
Trinidad and Tobago ,51.55,16.39,14.66,6.2,1.34,5.15,0,0,0,0,0,1.03,0,0,0,0,0,0,0,0,0,0,0,0,0
Kenya ,17.55,7.17,31.15,2.82,0,3.61,0,27.16,3.21,4.75,0,0,0,0,0,0,0,0,0,0,0,0,0,0,0
Estonia ,41.48,16.76,28.07,5.62,0,2.99,0,3.06,0,0,0,0,0,0,0,0,0,0,0,0,0,0,0,0,0
Jamaica ,51.19,13.46,18.68,4.83,1.28,3.83,0,2.06,0,0,0,1.18,0,0,0,0,0,0,0,0,0,0,0,0,0
Kazakhstan ,44.37,9.97,15.88,3.67,2.11,4.29,2.25,14.67,0,1.16,0,0,0,0,0,0,0,0,0,0,0,0,0,0,0
Panama ,40.97,25.74,11.25,6.39,1.4,10.69,0,1.34,0,0,0,0,0,0,0,0,0,0,0,0,0,0,0,0,0
Latvia ,43.08,12.46,31.4,4.31,0,2.38,0,3.94,0,0,0,0,0,0,0,0,0,0,0,0,0,0,0,0,0
Armenia ,72.61,3.2,12.7,2.69,1.1,1.22,1.4,3.74,0,0,0,0,0,0,0,0,0,0,0,0,0,0,0,0,0
Zimbabwe ,8.02,9.54,11.56,1.5,0,1.95,0,56.1,2.44,7.37,0,0,0,0,0,0,0,0,0,0,0,0,0,0,0
Moldova ,64.66,6.65,16.73,1.76,0,1.57,0,5.51,0,0,0,0,0,0,0,0,0,0,0,0,0,0,0,0,0
Belarus ,34.35,8.6,18.22,2.13,0,2.08,1.65,30.47,0,0,0,0,0,0,0,0,0,0,0,0,0,0,0,0,0
Myanmar ,7.7,1.78,44.79,2.4,2.52,34.39,0,2.44,2.04,0,0,0,0,0,0,0,0,0,0,0,0,0,0,0,0
Yemen ,33,6.28,29.03,1.76,3.71,9.43,0,11.83,2.23,1.6,0,0,0,0,0,0,0,0,0,0,0,0,0,0,0
Sudan ,9.19,6.73,16.12,0,0,5.41,0,38.04,3.46,17.28,0,0,0,0,0,0,0,0,0,0,0,0,0,0,0
Lebanon ,32.41,14.7,13.02,8.5,6.44,16.52,0,3.18,0,2.66,0,0,0,0,0,0,0,0,0,0,0,0,0,0,0
Honduras ,47.27,16.73,17.95,4.72,2.19,5.48,0,1.9,0,0,0,1.79,0,0,0,0,0,0,0,0,0,0,0,0,0
Oman ,24,13.73,7.36,2.67,2.38,21.48,0,2.08,5.44,16.8,0,1.77,0,0,0,0,0,0,0,0,0,0,0,0,0
Angola ,11.81,15.4,6.36,4.38,1.24,2.53,0,55.75,0,1.22,0,0,0,0,0,0,0,0,0,0,0,0,0,0,0
Bahrain ,28.88,20.63,7.86,6.04,5.49,18.68,0,4.17,2.18,2.78,0,1.14,0,0,0,0,0,0,0,0,0,0,0,0,0
Iceland ,46.66,15.01,18.87,13.38,1.86,1.58,0,0,0,0,0,0,0,0,0,0,0,0,0,0,0,0,0,0,0
Malta ,50.04,18.91,13.86,8.38,2.29,4.2,0,0,0,0,0,0,0,0,0,0,0,0,0,0,0,0,0,0,0
Nicaragua ,47.26,12.85,23.23,2.5,1.4,3.59,0,3.14,1.16,2.27,0,0,0,0,0,0,0,0,0,0,0,0,0,0,0
Syrian Arab Republic ,26.59,9,34.18,1.93,1.53,9.85,0,4.1,4.42,6.26,0,0,0,0,0,0,0,0,0,0,0,0,0,0,0
Ghana ,16.51,6.31,32.74,2.7,0,4.86,0,19.91,9.98,3.47,0,0,0,0,0,0,0,0,0,0,0,0,0,0,0
Faroe Islands ,25.23,38.38,7.83,20.12,4.35,3.17,0,0,0,0,0,0,0,0,0,0,0,0,0,0,0,0,0,0,0
Mauritius ,43.69,12.49,23.4,4.5,1.08,4.79,0,4.67,1.1,2.46,0,0,0,0,0,0,0,0,0,0,0,0,0,0,0
Libya ,36.91,10.13,16.83,3.21,2.1,8.96,0,12.13,1.51,6.99,0,0,0,0,0,0,0,0,0,0,0,0,0,0,0
Barbados ,47.52,18.74,17.04,6.45,1.15,3.55,0,1.02,0,0,0,0,0,0,0,0,0,0,0,0,0,1.24,0,0,0
Cambodia ,22.45,5.15,28.44,5.52,7.41,12.53,0,4.5,6.25,5.97,0,0,0,0,0,0,0,0,0,0,0,0,0,0,0
Senegal ,39.88,15.06,29.73,3.56,1.44,3.87,0,2.94,0,1.14,0,0,0,0,0,0,0,0,0,0,0,0,0,0,0
Tanzania ,10.69,9.8,21.84,2.96,1.16,5.98,0,31.13,7.08,6.78,0,0,0,0,0,0,0,0,0,0,0,0,0,0,0
Brunei Darussalam ,29.47,6.94,17.27,9.52,3.92,13.14,0,15.78,0,1.89,0,0,0,0,0,0,0,0,0,0,0,0,0,0,0
Mongolia ,38.19,4.4,39.8,5.1,2.12,7.4,0,1.79,0,0,0,0,0,0,0,0,0,0,0,0,0,0,0,0,0
Luxembourg ,28.85,25.1,21.35,13.63,4.93,3.64,0,0,0,0,0,0,0,0,0,0,0,0,0,0,0,0,0,0,0
Bahamas ,39.61,24.42,11.17,12.7,2.42,4.6,0,0,0,0,0,0,0,0,0,0,0,0,0,0,0,1.13,1.09,0,0
Ethiopia ,10.65,11.44,23.03,0,1.23,1.51,0,27.54,14.64,7.37,0,0,0,0,0,0,0,0,0,0,0,0,0,0,0
Bermuda ,17.91,43.54,7.66,24.97,2.1,2.18,0,0,0,0,0,0,0,0,0,0,0,0,0,0,0,0,0,0,0
Uganda ,12.87,7.85,31.49,2.22,0,4.27,0,28.17,4.83,5.35,0,0,0,0,0,0,0,0,0,0,0,0,0,0,0
Macao ,37.93,20.17,12.17,9.07,6.83,10.21,0,0,0,0,0,0,0,0,0,0,0,0,0,0,0,0,0,0,0
Maldives ,42.53,5.73,28.46,5.58,2.61,6.61,0,2.96,2.04,2.2,0,0,0,0,0,0,0,0,0,0,0,0,0,0,0
Cote dIvoire ,38.45,9.21,32.43,2.72,0,4.58,0,5.6,1.8,1.31,0,0,0,0,0,0,0,0,0,0,0,0,0,0,0
Zambia ,11.21,19.91,19.3,3.31,1.26,5.45,0,28.52,2.81,4.44,1.02,0,0,0,0,0,0,0,0,0,0,0,0,0,0
Reunion ,31.52,13.5,32.27,9.84,2.78,7.18,0,1.03,0,0,0,0,0,0,0,0,0,0,0,0,0,0,0,0,0
Guyana ,31.76,45.73,14.44,2.53,0,1.61,0,0,0,0,0,0,0,0,0,0,0,0,0,0,0,0,0,0,0
Cameroon ,17.62,8.63,55.39,2.04,0,2.24,0,5.82,3.46,1.4,0,0,0,0,0,0,0,0,0,0,0,0,0,0,0
Suriname ,36.4,25.84,16.99,5.53,2.13,7.63,0,1.59,0,0,0,2.21,0,0,0,0,0,0,0,0,0,0,0,0,0
Lao Peoples Democratic Republic ,22.89,11.38,20.25,5.16,6.56,6.37,0,11.7,4.33,8.89,0,0,0,0,0,0,0,0,1.48,0,0,0,0,0,0
Guam ,33.8,20.41,11.4,16.24,5.02,7.76,0,0,0,0,0,0,0,0,0,0,0,0,0,0,3.14,0,0,0,0
Guadeloupe ,40.08,20.3,19.06,8.81,1.43,7.56,0,0,0,0,0,0,0,0,0,0,0,0,0,0,0,0,0,0,0
Mozambique ,18.3,20.24,14.86,3.89,0,3.77,0,24.86,5.26,6.16,0,0,0,0,0,0,0,0,0,0,0,0,0,0,0
Uzbekistan ,24.18,4.98,10.41,2.11,2.86,4.9,0,40.99,2.92,4.52,0,0,0,0,0,0,0,0,0,0,0,0,0,0,0
Martinique ,39.79,21.82,17.99,7.69,1.55,8.92,0,0,0,0,0,0,0,0,0,0,0,0,0,0,0,0,0,0,0
Netherlands Antilles ,37.88,26.68,11.53,11.74,3.06,4.86,0,0,0,0,0,1.37,0,0,0,0,0,0,0,0,0,0,0,0,0
Antigua and Barbuda ,44.58,19.84,14.53,9.53,1.61,4.54,0,2.05,0,0,0,0,0,0,0,0,0,0,0,0,0,0,0,0,0
Madagascar ,28.48,6.72,46.11,3.67,0,2.82,0,7.36,1.76,0,0,0,0,0,0,0,0,0,0,0,0,0,0,0,0
Cuba ,9.73,17.21,69.46,0,0,0,0,1.33,0,0,0,0,0,0,0,0,0,0,0,0,0,0,0,0,0
Isle of Man ,25.47,31.15,13.04,20.56,4.28,2.49,0,0,0,0,0,0,0,0,0,0,0,0,0,0,1.05,0,0,0,0
Aruba ,30.89,29.47,11.73,13.15,5.26,6.48,0,0,0,0,0,0,0,0,0,0,0,0,0,0,0,0,0,0,0
Malawi ,11.4,15.93,16.49,1.93,0,3.76,0,37.92,5.34,3.67,0,0,0,0,0,0,0,0,0,0,0,0,0,0,0
Fiji ,26.86,15.31,30.11,5.43,1.97,7.61,0,8.05,1.49,1.57,0,0,0,0,0,0,0,0,0,0,0,0,0,0,0
Namibia ,24.48,26.71,15.49,5.11,1.95,6.18,0,11.78,1.58,4.58,0,0,0,0,0,0,0,0,0,0,0,0,0,0,0
Botswana ,26.71,26.84,22.7,4.67,0,3.36,0,5.09,2.84,4.44,0,0,0,0,0,0,0,0,0,0,0,0,0,0,0
Kyrgyz Republic ,43.35,8.37,10.84,3.32,2.17,4.57,0,21.11,1.19,2.76,0,0,0,0,0,0,0,0,0,0,0,0,0,0,0
Afghanistan ,17.45,16.52,20.17,3.54,4.35,5.94,0,14.86,5.97,9.53,0,0,0,0,0,0,0,0,0,0,0,0,0,0,0
Jersey ,28.49,25.54,12.7,24.37,4.37,2.05,0,0,0,0,0,0,0,0,0,0,0,0,0,0,0,0,0,0,0
Papua New Guinea ,7.75,12.34,5.78,2.03,1.14,15,0,33.3,4.57,14.97,0,0,0,0,0,0,0,0,0,0,0,0,0,0,0
Cape Verde ,50.69,25.34,14.82,3.37,0,2.02,0,1.38,0,0,0,0,0,0,0,0,0,0,0,0,0,0,0,0,0
Cayman Islands ,35.08,23.15,11.37,21.26,3.54,1.88,0,0,0,0,0,0,0,0,0,0,0,0,0,0,1.72,0,0,0,0
Haiti ,28.7,24.08,16.94,8.26,2.93,5.31,0,6.15,2.89,0,0,0,0,0,0,0,0,0,0,0,0,0,0,0,0
Mauritania ,40.46,9.19,22.2,2.31,1.34,2.55,0,9.37,2.19,7.83,0,0,0,0,0,0,0,0,0,0,0,0,0,0,0
French Guiana ,40.29,19.84,22.44,5.98,1.3,6.33,0,1.8,0,0,0,0,0,0,0,0,0,0,0,0,0,0,0,0,0
Saint Lucia ,52.49,16.93,16.94,5.42,0,2.91,0,1.37,0,0,0,0,0,0,0,0,0,0,0,0,0,0,0,0,0
Belize ,34.01,16.54,25.41,7.23,5.03,7.02,0,0,0,0,0,0,0,0,0,0,0,0,0,0,0,0,0,0,0
Northern Mariana Islands ,51.43,22.24,12.73,5.31,1.01,5.01,0,0,0,0,0,0,0,0,0,0,0,0,0,0,0,0,0,0,0
Togo ,18.51,10.27,56.08,2.62,0,2.36,0,5.1,2.08,0,0,0,0,0,0,0,0,0,0,0,0,0,0,0,0
Bhutan ,36.09,8.71,20.09,3.74,1.48,3.21,0,9.32,7.25,7.02,1.14,0,0,0,0,0,0,0,0,0,0,0,0,0,0
French Polynesia ,29.69,14.95,29.54,16.34,2.61,4.01,0,0,0,0,0,0,0,0,0,0,0,0,0,0,1.33,0,0,0,0
Rwanda ,21.58,9.09,35.78,3.84,0,2.43,0,17.69,5.21,1.68,0,0,0,0,0,0,0,0,0,0,0,0,0,0,0
New Caledonia ,31.28,21.27,23.86,14.2,1.83,5.32,0,0,0,0,0,0,0,0,0,0,0,0,0,0,0,0,0,0,0
 ,43.32,100,100,16.43,2.64,2.64,0,0,0,0,0,5.62,0,0,0,0,0,0,0,0,0,1.62,0,0,0
Somalia ,17.46,6.61,13.52,0,0,1.5,0,43.41,9.24,4.79,0,0,0,0,0,0,0,0,0,0,0,0,0,0,0
Benin ,39.68,7.63,25.45,1.35,0,2.67,0,11.74,5.77,3.26,0,0,0,0,0,0,0,0,0,0,0,0,0,0,0
Congo (Democratic Republic of the),10.74,10.44,16.99,3.82,1.24,6.82,0,35.23,6.07,4.09,0,0,0,0,0,0,0,0,1.26,0,0,0,0,0,0
Andorra ,35.96,25.27,14.15,14.91,2.51,5.43,0,0,0,0,0,0,0,0,0,0,0,0,0,0,0,0,0,0,0
Guernsey ,24.44,25.3,10.29,24.99,6.39,4.98,0,0,0,0,0,0,0,0,0,0,0,0,1.22,0,0,0,0,0,0
Grenada ,52.15,17.14,14.65,8.63,0,1.77,0,0,0,0,0,0,0,0,0,0,0,0,0,0,0,2.55,0,0,0
Mali ,15.25,18.86,27.7,4.07,0,4.76,0,13.39,5.69,3.78,0,0,0,0,0,0,0,0,0,0,0,0,0,1.94,0
Djibouti ,35.4,10.41,24.2,2.26,1.76,2.93,0,9.83,6.28,3.76,0,0,0,1.05,0,0,0,0,0,0,0,0,0,0,0
Tajikistan ,36.94,8.61,9.05,3.33,2.63,5.83,1.6,24.57,2.03,3.69,0,0,0,0,0,0,0,0,0,0,0,0,0,0,0
Gibraltar ,32.37,21.45,13.98,19.75,5.76,3.9,0,0,0,0,0,0,0,0,0,0,0,0,0,0,0,0,0,0,0
Sierra Leone ,6.43,6.47,10.81,1.78,0,2.89,0,48.26,13.58,6.77,0,0,0,0,0,0,0,0,0,0,0,0,0,0,0
Saint Kitts and Nevis ,48.31,17.17,16.65,10.67,1.35,2.51,0,0,0,0,0,0,0,0,0,0,0,0,0,0,0,0,0,0,0
Saint Vincent and the Grenadines ,48.13,21.18,17.53,5.13,0,2.81,0,1.03,0,0,0,1.13,0,0,0,0,0,0,0,0,0,0,0,0,0
Burkina Faso ,27.85,14.57,28.52,3.21,0,4.57,0,8.71,5.47,2.64,0,0,0,0,0,0,0,0,0,0,0,0,0,1.1,0
Gabon ,23.57,24.09,24.12,6.93,1.5,4.48,0,9.27,1.16,2.04,0,0,0,0,0,0,0,0,0,0,0,0,0,0,0
Monaco ,26.15,20.68,15.9,30.95,3.54,1.61,0,0,0,0,0,0,0,0,0,0,0,0,0,0,0,0,0,0,0
Gambia ,13.54,7.88,38.53,2.71,3.02,6.11,0,16.55,6.45,2.06,0,0,0,0,0,0,0,0,0,0,0,0,0,0,0
Turks and Caicos Islands ,41.25,21.32,12.56,14.39,2.96,2.09,0,0,0,0,0,1.72,0,0,0,0,0,0,0,0,0,1.44,0,0,0
Mayotte ,41.48,20.01,22.3,4.08,0,5.11,0,3.97,0,0,0,0,0,0,0,0,0,0,0,0,0,0,0,0,0
Liechtenstein ,21.06,33.45,19.18,15.75,5.6,3.31,0,0,0,0,0,0,0,0,0,0,0,0,0,0,0,0,0,0,0
Dominica ,65.87,12.69,10.22,5.7,0,2.02,0,1.16,0,0,0,0,0,0,0,0,0,0,0,0,0,0,0,0,0
Liberia ,12.8,13.59,11.18,3.64,1.51,5.93,0,29.06,9.23,11.01,0,0,0,0,0,0,0,0,0,0,0,0,0,0,0
Seychelles ,24.95,23.37,23.96,6.71,2.22,5.65,0,5.5,2.46,2.72,0,0,0,0,0,0,0,0,0,0,0,0,0,0,0
San Marino ,25.56,27.37,22.3,16.71,3.25,3.44,0,0,0,0,0,0,0,0,0,0,0,0,0,0,0,0,0,0,0
Cook Islands ,7.06,16.26,8.84,2.94,0,1.23,0,0,0,0,0,0,0,0,0,0,0,0,0,0,0,0,0,0,62.64
Greenland ,20.23,34.44,10.35,16.47,5.69,5.99,0,4.83,0,0,0,0,0,0,0,0,0,0,0,0,0,0,0,0,0
Lesotho ,14.81,26.28,10.92,2.33,0,1.88,0,27.53,4.38,9.72,0,0,0,0,0,0,0,0,0,0,0,0,0,0,0
Turkmenistan ,20.22,8.49,6.03,2.33,7.45,21.88,1.22,12.05,6.75,11.32,0,0,0,0,0,0,0,0,0,0,0,0,0,0,0
Swaziland ,18.04,22.96,12.88,3.54,1.02,3.07,0,29.84,0,5.77,0,0,0,0,0,0,0,0,0,0,0,0,0,0,0
Timor-Leste ,8.99,10.63,28.25,2.84,1.23,3.51,0,30.21,2.43,10.6,0,0,0,0,0,0,0,0,0,0,0,0,0,0,0
British Virgin Islands ,33.25,36.82,9.75,12.08,2.06,2.55,0,0,0,0,0,0,0,0,0,0,0,0,0,0,0,1,0,0,0
Niger ,13.11,15.88,19.03,3.15,1.12,4.93,0,19.51,9.44,9.99,0,0,0,0,0,0,0,0,0,0,0,0,0,1.17,0
Congo (Republic of the),16.25,16.41,23.43,6.52,1.78,6.92,0,18.97,3.49,1.24,0,0,0,0,0,0,0,0,0,0,0,0,0,0,0
American Samoa ,40.04,17.18,22.6,12.87,1.16,3.03,0,0,0,0,0,0,0,0,0,0,0,0,0,0,2.01,0,0,0,0
Burundi ,23.11,17.13,33.28,5.18,1.03,2.79,0,7.91,6.54,1.37,0,0,0,0,0,0,0,0,0,0,0,0,0,0,0
Equatorial Guinea ,24.37,19.21,20.97,3.99,1.33,5.56,0,17.26,3.28,2.09,0,0,0,0,0,0,0,0,0,0,0,0,0,0,0
Samoa ,17.91,30.65,30.17,2.53,0,4.77,0,7.85,1.75,2.4,0,0,0,0,0,0,0,0,0,0,0,0,0,0,0
Micronesia ,38.78,25.93,23.31,6.08,0,1.91,0,0,0,0,0,1.71,0,0,0,0,0,0,0,0,0,0,0,0,0
Saint Martin ,36.4,22.06,13.42,18.89,1.98,3.63,0,0,0,0,0,0,0,0,0,0,0,0,0,0,0,0,0,0,0
Marshall Islands ,37.66,16.32,31.72,6.59,1.21,3.41,0,0,0,0,0,0,0,0,0,0,0,0,0,0,1.27,0,0,0,0
Sao Tome and Principe ,33.34,32.23,26.5,4.05,0,0,0,1.95,0,0,0,0,0,0,0,0,0,0,0,0,0,0,0,0,0
Anguilla ,39.82,26.87,12.63,12.04,1.37,3.47,0,0,0,0,0,1.54,0,0,0,0,0,0,0,0,0,1,0,0,0
Vanuatu ,30.53,22.65,24.94,8.06,1.26,4.54,0,2.67,0,0,0,0,0,2.61,0,0,0,0,0,0,0,0,0,0,0
Tonga ,20.23,18.9,50.36,5.85,0,1.28,0,0,0,0,0,0,0,0,0,0,0,0,0,0,0,0,0,0,0
Comoros ,36.73,19.39,32.99,2.19,0,2.58,0,2.79,0,0,0,0,0,1.14,0,0,0,0,0,0,0,0,0,0,0
Solomon Islands ,17.68,25.68,13.56,3.86,2.11,6.08,0,15.99,4.19,9.89,0,0,0,0,0,0,0,0,0,0,0,0,0,0,0
Holy See (Vatican City State) ,24.89,46.38,20.95,5.42,0,0,0,0,0,0,0,0,0,0,0,0,0,0,0,0,0,0,0,0,0
Saint Pierre and Miquelon ,38.46,18.3,28.94,9.51,0,1.83,0,0,0,0,0,0,0,0,0,0,0,0,0,0,1.08,0,0,0,0
Guinea ,21.07,23.19,24.35,9.73,1.78,4.68,0,8.4,1.73,2.13,0,0,0,0,0,0,0,0,0,0,0,0,0,0,0
Eritrea ,7.62,13.68,74.47,0,0,0,0,1.77,0,0,0,0,0,0,0,0,0,0,0,0,0,0,0,0,0
Palau ,34.26,23.12,23.42,6.95,1.31,6.75,0,0,0,1.17,0,1.4,0,0,0,0,0,0,0,0,0,0,0,0,0
Central African Republic ,22.45,20.6,34.34,11.04,0,3.97,0,4.35,0,1.84,0,0,0,0,0,0,0,0,0,0,0,0,0,0,0
Falkland Islands (Malvinas) ,16.08,38.77,13.34,10.27,2.28,1.27,0,16.86,0,0,0,0,0,0,0,0,0,0,0,0,0,0,0,0,0
Wallis and Futuna ,41.74,9.85,37.1,5.14,0,1.28,0,3.53,0,0,0,0,0,0,0,0,0,0,0,0,0,0,0,0,0
Kiribati ,28.37,20.83,45.41,3.11,0,1.48,0,0,0,0,0,0,0,0,0,0,0,0,0,0,0,0,0,0,0
Chad ,24.52,29.36,34.4,2.31,0,2.02,0,2.35,0,0,0,0,2.96,0,0,0,0,0,0,0,0,0,0,0,0
Saint Helena ,26.46,53.8,16.21,2.58,0,0,0,0,0,0,0,0,0,0,0,0,0,0,0,0,0,0,0,0,0
North Korea ,32.4,30.15,32.39,1.44,0,1.26,0,0,0,0,0,0,1.03,0,0,0,0,0,0,0,0,0,0,0,0
Montserrat ,28.93,65.69,5.07,0,0,0,0,0,0,0,0,0,0,0,0,0,0,0,0,0,0,0,0,0,0
Guinea-Bissau ,14.28,50.75,30.06,3.07,0,0,0,0,0,0,0,0,0,0,0,0,0,0,0,0,0,0,0,0,0
Tuvalu ,50.9,10.01,34.77,1.59,0,0,0,0,1.59,0,0,0,0,0,0,0,0,0,0,0,0,0,0,0,0
Niue ,23.51,43.3,20.8,11.13,0,0,0,0,0,0,0,0,0,0,0,0,0,0,0,0,0,0,0,0,0
Nauru ,65.81,17.45,8.01,2.43,1.14,5.01,0,0,0,0,0,0,0,0,0,0,0,0,0,0,0,0,0,0,0
Tokelau ,13.96,28.38,55.84,0,0,0,0,0,0,0,0,0,0,0,0,0,0,0,0,0,0,0,0,0,0
Norfolk Island ,15,60,25,0,0,0,0,0,0,0,0,0,0,0,0,0,0,0,0,0,0,0,0,0,0
Svalbard & Jan Mayen Islands ,20,80,0,0,0,0,0,0,0,0,0,0,0,0,0,0,0,0,0,0,0,0,0,0,0
