"Continent","IE","Firefox","Chrome","Safari","Android","iPhone","Opera","Nokia","BlackBerry","UC Browser","NetFront","Maxthon","TheWorld","iPod Touch","Sony PS3","Samsung","Obigo","Chromium","Epiphany","Windows Media Player","AppleWebKit"
United States of America ,44.42,18.56,17.24,10.59,3.41,2.6,0,0,0,0,0,0,0,0,0,0,0,0,0,0,0
Turkey ,47.08,13.2,36.09,0,0,0,1.36,0,0,0,0,0,0,0,0,0,0,0,0,0,0
Brazil ,32.14,22.55,39.83,1.16,0,0,1.24,1.01,0,0,0,0,0,0,0,0,0,0,0,0,0
Germany ,23.96,50.92,13.2,4.86,1.05,1.01,3.56,0,0,0,0,0,0,0,0,0,0,0,0,0,0
United Kingdom ,36.2,18.84,24.31,9.35,2,3.22,1.18,0,3.02,0,0,0,0,0,0,0,0,0,0,0,0
Thailand ,48.91,14.4,26.67,2.64,1.88,1.22,0,2.28,0,0,0,0,0,0,0,0,0,0,0,0,0
Canada ,39,22.53,19.04,11.5,1.2,2.39,0,0,2.12,0,0,0,0,0,0,0,0,0,0,0,0
India ,15.56,20.42,21.46,0,1.07,0,20.56,8.45,0,5.02,3.3,0,0,0,0,0,0,0,0,0,0
Indonesia ,3.08,54.2,17.62,1.34,1.15,0,16.09,4.28,0,0,0,0,0,0,0,0,0,0,0,0,0
Spain ,36.99,24.78,28.74,4.67,1.72,1.24,0,0,0,0,0,0,0,0,0,0,0,0,0,0,0
Mexico ,42.89,15.41,31.74,3.76,1.08,0,1.96,0,0,0,0,0,0,0,0,0,0,0,0,0,0
China ,75.08,4.45,10.39,1.33,0,0,0,0,0,1.76,0,2.85,1.12,0,0,0,0,0,0,0,0
Argentina ,30.97,21.24,44.1,0,0,0,1.11,0,0,0,0,0,0,0,0,0,0,0,0,0,0
Netherlands ,47.79,17.18,19.99,8.64,2.31,1.75,0,0,0,0,0,0,0,0,0,0,0,0,0,0,0
Italy ,35.35,24.61,29.95,5.99,0,0,1.24,0,0,0,0,0,0,0,0,0,0,0,0,0,0
Philippines ,7.93,29.32,55.01,2.63,0,0,2.17,0,0,0,0,0,0,0,0,0,0,0,0,0,0
France ,32.81,31.8,22.28,7.87,1.24,1.79,1.05,0,0,0,0,0,0,0,0,0,0,0,0,0,0
Malaysia ,20.72,28.1,39.02,3.31,2.65,1.18,1.95,1.51,0,0,0,0,0,0,0,0,0,0,0,0,0
Serbia ,14.47,39.21,35.3,1.21,0,0,8.19,0,0,0,0,0,0,0,0,0,0,0,0,0,0
Australia ,36.34,21.76,20.33,12.79,1.65,4.6,0,0,0,0,0,0,0,0,0,0,0,0,0,0,0
Poland ,15.19,48.39,22.91,1.21,0,0,10.41,0,0,0,0,0,0,0,0,0,0,0,0,0,0
South Korea ,63.73,3.78,8.95,1.66,19.4,1.69,0,0,0,0,0,0,0,0,0,0,0,0,0,0,0
Colombia ,30.09,15.14,51.06,1.76,0,0,0,0,0,0,0,0,0,0,0,0,0,0,0,0,0
Hungary ,14.87,45.65,32.46,1.3,0,0,4.01,0,0,0,0,0,0,0,0,0,0,0,0,0,0
Vietnam ,24.05,34.63,31.05,1.11,0,0,5.15,1.87,0,0,0,0,0,0,0,0,0,0,0,0,0
Chile ,24.5,18.73,51.22,1.77,1.01,0,1.18,0,0,0,0,0,0,0,0,0,0,0,0,0,0
Romania ,24.87,37.25,28.03,1.14,0,0,6.84,0,0,0,0,0,0,0,0,0,0,0,0,0,0
Japan ,50.93,18.3,16.33,6.23,2.38,2.12,1.68,0,0,0,0,0,0,0,0,0,0,0,0,0,0
Taiwan ,64.15,10.88,18.11,3.1,1.72,0,0,0,0,0,0,0,0,0,0,0,0,0,0,0,0
Greece ,24.95,39.95,28.95,2.5,0,0,1.81,0,0,0,0,0,0,0,0,0,0,0,0,0,0
Russian Federation ,17.85,27.73,24.69,1.95,0,0,26.25,0,0,0,0,0,0,0,0,0,0,0,0,0,0
Peru ,53.77,14.5,28.58,0,0,0,0,0,0,0,0,0,0,0,0,0,0,0,0,0,0
Sweden ,36.75,24,23.68,8.54,1.85,3.32,1.23,0,0,0,0,0,0,0,0,0,0,0,0,0,0
Israel ,50.97,11.91,30.99,1.87,1.21,1.49,0,0,0,0,0,0,0,0,0,0,0,0,0,0,0
Saudi Arabia ,40.81,13.17,24.01,2.86,1.71,1.71,5.86,5.75,2.75,0,0,0,0,0,0,0,0,0,0,0,0
Belgium ,43.21,23.12,21.4,8.67,0,0,1.14,0,0,0,0,0,0,0,0,0,0,0,0,0,0
Pakistan ,18.94,28.15,38.22,0,0,0,9.19,2.69,0,0,0,0,0,0,0,0,0,0,0,0,0
Singapore ,31.44,20.68,22.78,11.02,2.77,8.49,0,0,0,0,0,0,0,0,0,0,0,0,0,0,0
Portugal ,41.41,22.22,29.32,4.15,0,0,1.21,0,0,0,0,0,0,0,0,0,0,0,0,0,0
Egypt ,28.85,37.29,22.2,0,0,0,6.66,2.8,0,0,0,0,0,0,0,0,0,0,0,0,0
Bulgaria ,25.36,41.68,26.1,0,0,0,4.82,0,0,0,0,0,0,0,0,0,0,0,0,0,0
Venezuela ,29.02,29.01,38.37,1.11,0,0,0,0,0,0,0,0,0,0,0,0,0,0,0,0,0
Hong Kong ,51.61,15.42,17.04,7.94,2.76,2.65,0,0,0,0,0,0,0,0,0,0,0,0,0,0,0
Ukraine ,14.03,29.21,19.91,1.18,0,0,34.43,0,0,0,0,0,0,0,0,0,0,0,0,0,0
Switzerland ,36.28,29.28,13.46,14.56,1.19,2.86,1.42,0,0,0,0,0,0,0,0,0,0,0,0,0,0
Finland ,23.32,41.73,20.01,6.85,1.6,1.64,3.02,0,0,0,0,0,0,0,0,0,0,0,0,0,0
United Arab Emirates ,43.53,13.78,26.38,5.73,0,1.39,1.63,4.73,0,0,0,0,0,0,0,0,0,0,0,0,0
Denmark ,43.71,17.65,22.38,11.5,1.12,2.01,0,0,0,0,0,0,0,0,0,0,0,0,0,0,0
Austria ,31.18,39.72,15.55,6.7,1.87,1.46,2.54,0,0,0,0,0,0,0,0,0,0,0,0,0,0
Norway ,35.46,20.32,24.03,10.96,1.43,1.9,4.97,0,0,0,0,0,0,0,0,0,0,0,0,0,0
Georgia ,6.76,13.05,38.17,0,0,0,41.03,0,0,0,0,0,0,0,0,0,0,0,0,0,0
Iran ,47.77,31.69,8.57,0,0,0,4.43,1.91,0,1.79,0,0,0,0,0,0,0,0,0,0,0
Croatia ,22.25,43.95,25.38,1.87,0,0,4.16,0,0,0,0,0,0,0,0,0,0,0,0,0,0
Ireland ,31.87,20.72,31.02,7.05,2.3,3.32,1.71,0,0,0,0,0,0,0,0,0,0,0,0,0,0
Czech Republic ,25.08,37,25.92,2.1,0,0,7.97,0,0,0,0,0,0,0,0,0,0,0,0,0,0
South Africa ,44.21,16.94,15.1,4.82,1.39,0,12.53,2.36,0,0,0,0,0,0,0,0,0,0,0,0,0
Nigeria ,14.72,18.76,6.32,2.26,0,0,49.75,4.42,0,1.44,0,0,0,0,0,0,0,0,0,0,0
New Zealand ,34.95,22.82,25.85,10.85,1.19,1.6,0,0,0,0,0,0,0,0,0,0,0,0,0,0,0
Bosnia and Herzegovina ,12.06,41.5,40.34,0,0,0,4.48,0,0,0,0,0,0,0,0,0,0,0,0,0,0
Ecuador ,28.73,33.81,30.93,2.4,0,0,0,1.01,0,0,0,0,0,0,0,0,0,0,0,0,0
Slovenia ,27.73,45.28,20.55,2.44,0,0,2.49,0,0,0,0,0,0,0,0,0,0,0,0,0,0
Bangladesh ,8.58,48.08,13.66,0,0,0,17.64,6.02,0,1.71,0,0,0,0,0,0,0,0,0,0,0
Paraguay ,24.87,33.93,35.98,0,0,0,1.56,1.94,0,0,0,0,0,0,0,0,0,0,0,0,0
Tunisia ,12.82,25.4,55.9,0,0,0,2.36,0,0,0,0,0,0,0,0,0,0,0,0,0,0
Macedonia ,9.23,37.75,48.12,0,0,0,3.19,0,0,0,0,0,0,0,0,0,0,0,0,0,0
Dominican Republic ,19.59,21.87,51.94,2.77,0,0,1.41,0,0,0,0,0,0,0,0,0,0,0,0,0,0
Belarus ,10.71,22.3,16.31,0,0,0,48.92,0,0,0,0,0,0,0,0,0,0,0,0,0,0
Slovakia (Slovak Republic) ,15.89,39.49,30.12,1.99,0,0,10.45,0,0,0,0,0,0,0,0,0,0,0,0,0,0
Morocco ,26.18,33.06,32.19,1.39,0,0,3.74,1.3,0,0,0,0,0,0,0,0,0,0,0,0,0
Algeria ,24.94,40.68,29.68,0,0,0,2.14,0,0,0,0,0,0,0,0,0,0,0,0,0,0
Guatemala ,35.28,23.05,29.68,3.4,1.19,1.63,2.25,0,1.19,0,0,0,0,0,0,0,0,0,0,0,0
Sri Lanka ,20.18,31.84,31.8,0,0,0,8.26,3.65,0,0,1.43,0,0,0,0,0,0,0,0,0,0
Lithuania ,25.18,37.82,24.73,1.76,0,0,9.12,0,0,0,0,0,0,0,0,0,0,0,0,0,0
Uruguay ,22.58,28.28,45.83,1.11,0,0,1.19,0,0,0,0,0,0,0,0,0,0,0,0,0,0
Kuwait ,42.22,12.11,17.93,5.72,1.72,7.49,4.51,2.75,4.22,0,0,0,0,0,0,0,0,0,0,0,0
Albania ,13.38,24.35,56.55,0,0,0,2.5,0,0,0,0,0,0,0,0,0,0,0,0,0,0
Lebanon ,43.55,21.26,24.13,4.18,0,1.61,1.82,1.66,0,0,0,0,0,0,0,0,0,0,0,0,0
Iraq ,41.27,23.59,25.68,0,0,0,3.16,3.7,0,0,0,0,0,0,0,0,0,0,0,0,0
Qatar ,43.45,13.56,28.65,4.53,0,1.16,2.86,3.58,0,0,0,0,0,0,0,0,0,0,0,0,0
Bolivia ,43.15,30.71,21.02,1.66,0,0,1.14,0,0,0,0,0,0,0,0,0,0,0,0,0,0
Puerto Rico ,34.33,19.58,27.72,7.88,4.64,1.51,0,0,0,0,0,0,0,1.31,1.17,0,0,0,0,0,0
Jordan ,32.12,17.49,39.38,1.7,0,0,3.75,3.25,0,0,0,0,0,0,0,0,0,0,0,0,0
Armenia ,6.6,22.85,61.8,0,0,0,6.9,0,0,0,0,0,0,0,0,0,0,0,0,0,0
Costa Rica ,27.19,23.41,28.77,3.81,1.75,0,4.16,7.6,0,0,1.06,0,0,0,0,0,0,0,0,0,0
Latvia ,20.96,40.33,28.82,2.25,0,0,6.2,0,0,0,0,0,0,0,0,0,0,0,0,0,0
Estonia ,25.56,39.48,24.37,3.91,0,0,4.94,0,0,0,0,0,0,0,0,0,0,0,0,0,0
Moldova ,17.93,26.82,43.76,0,0,0,9.85,0,0,0,0,0,0,0,0,0,0,0,0,0,0
Montenegro ,16.57,32.83,40.97,0,0,0,6.71,0,0,0,0,0,0,0,0,0,0,0,0,0,0
Panama ,43.23,17.18,29.18,4.4,1.28,0,1.47,1.24,0,0,0,0,0,0,0,0,0,0,0,0,0
Kazakhstan ,14.14,27.35,20.19,1.36,0,0,35.47,0,0,0,0,0,0,0,0,0,0,0,0,0,0
El Salvador ,25.9,29.99,37.25,1.91,0,0,2.26,0,0,0,0,0,0,0,0,0,0,0,0,0,0
Azerbaijan ,19.35,11.63,29.79,1.11,0,0,33.38,3.4,0,0,0,0,0,0,0,0,0,0,0,0,0
Myanmar ,48.68,46.14,2.15,0,0,0,0,0,0,0,0,0,0,0,0,0,0,0,0,0,0
Bahrain ,50.64,13.03,20.32,4.81,1.3,2.45,2.64,2.85,0,0,0,0,0,0,0,0,0,0,0,0,0
Cyprus ,35.86,25.35,31.24,4.16,0,0,1.52,0,0,0,0,0,0,0,0,0,0,0,0,0,0
Honduras ,32.73,21.48,31.46,2.75,0,0,2.37,2.92,1.26,0,1.61,0,0,0,0,0,0,0,0,0,0
Trinidad and Tobago ,27.42,22.54,42.69,3.62,0,0,1.23,0,0,0,0,0,0,0,0,0,0,0,0,0,0
Mongolia ,15.29,59.56,18.3,1.58,0,0,2.5,0,0,0,0,0,0,0,0,0,0,0,0,0,0
Oman ,43.48,13.33,21.33,2.05,3.01,0,2.21,9.57,2.56,0,0,0,0,0,0,0,0,0,0,0,0
Palestinian Territory ,38.21,29.63,26.74,0,0,0,2.82,1.03,0,0,0,0,0,0,0,0,0,0,0,0,0
Luxembourg ,48.22,23.93,13.38,9.49,0,2.51,0,0,0,0,0,0,0,0,0,0,0,0,0,0,0
Kenya ,15.79,34.46,12.52,2.22,1.38,0,28.45,2.79,0,0,0,0,0,0,0,0,0,0,0,0,0
Jamaica ,23.42,27.03,40.62,3.7,0,0,2.16,0,0,0,0,0,0,0,0,0,0,0,0,0,0
Nepal ,16.41,32.25,30.33,1.57,0,0,14.72,1.7,0,0,0,0,0,0,0,0,0,0,0,0,0
Syrian Arab Republic ,37.31,37.81,10.63,1.15,1.1,0,1.66,7.47,0,0,0,0,0,0,0,0,0,0,0,0,0
Iceland ,23.02,27.35,36.88,9.74,0,0,1.43,0,0,0,0,0,0,0,0,0,0,0,0,0,0
Nicaragua ,22.8,36.98,34.27,1.53,0,0,1.48,0,0,0,0,0,0,0,0,0,0,0,0,0,0
Sudan ,22.07,19.91,6.32,0,0,0,28.09,20.31,0,0,0,0,0,0,0,0,0,0,0,0,0
Ghana ,13.74,42.6,12.62,2.34,0,0,19.76,3.29,0,0,1.6,0,0,0,0,0,0,0,0,0,0
Malta ,36.01,19.01,37.03,4.37,0,0,1.22,0,0,0,0,0,0,0,0,0,0,0,0,0,0
Faroe Islands ,54.53,11.63,19.88,9.11,1.33,2.21,0,0,0,0,0,0,0,0,0,0,0,0,0,0,0
Senegal ,20.13,53.32,20.33,1.82,0,0,1.95,0,0,0,0,0,0,0,0,0,0,0,0,0,0
Cambodia ,16.11,37.47,14.94,4.13,2.2,2.72,8.03,10.28,0,0,2.02,0,0,0,0,0,0,0,0,0,0
Yemen ,28.66,33.93,27.49,0,0,1.02,5.18,1.81,0,0,0,0,0,0,0,0,0,0,0,0,0
Brunei Darussalam ,11.67,22.89,20.74,7.74,3.64,2.49,14.59,13.89,0,0,0,0,0,0,0,0,0,0,0,0,0
Libya ,21.73,17.63,23.86,0,0,0,12.95,21.55,0,0,0,0,0,0,0,0,0,0,0,0,0
Mauritius ,22.87,33.09,33.24,2.84,0,0,4.08,1.99,0,0,0,0,0,0,0,0,0,0,0,0,0
Bermuda ,58.81,11.2,10.62,17.54,0,0,0,0,0,0,0,0,0,0,0,0,0,0,0,0,0
Macao ,45.69,17.85,20.59,7.1,2.45,2.96,0,0,0,0,0,1.02,0,0,0,0,0,0,0,0,0
Angola ,52.73,16.42,16.65,6.42,0,0,3.96,1.03,0,0,0,0,0,0,0,0,0,0,0,0,0
Ethiopia ,17.08,37.31,10.91,1.04,0,0,22.95,7.05,0,1.29,0,0,0,0,0,0,0,0,0,0,0
Bahamas ,38.34,14.96,31.94,9.06,0,0,1.62,0,0,0,0,0,0,0,0,0,0,0,0,0,0
Barbados ,29.7,27.11,34.47,4.3,0,0,1.11,0,0,0,0,0,0,0,0,0,0,0,0,0,0
Zimbabwe ,16.75,14.3,6.95,2.04,0,0,50.06,4.78,0,0,0,0,0,0,0,1.06,0,0,0,0,0
Lao Peoples Democratic Republic ,31.27,23.74,11.38,2.46,0,1.03,17.22,10.48,0,0,0,0,0,0,0,0,0,0,0,0,0
Uzbekistan ,9.08,13.62,12.36,1.11,0,0,54.61,7.18,0,0,0,0,0,0,0,0,0,0,0,0,0
Netherlands Antilles ,47.44,17.94,22.59,7.94,0,0,1.02,0,0,0,0,0,0,0,0,0,0,0,0,0,0
Uganda ,21.62,47.73,12.36,2.28,1.23,0,10.16,2.14,0,0,0,0,0,0,0,0,0,0,0,0,0
Reunion ,21.93,41.18,22.01,8.52,1.85,1.56,1.3,0,0,0,0,0,0,0,0,0,0,0,0,0,0
Maldives ,13.91,43.32,27.89,3.9,0,1.03,2.47,4.84,0,0,0,0,0,0,0,0,0,0,0,0,0
Cameroon ,16.19,65.6,10.29,1.26,0,0,4.02,0,0,0,0,0,0,0,0,0,0,0,0,0,0
Tanzania ,28.76,26.26,10.19,3.41,0,0,21.6,5.86,0,0,0,0,0,0,0,0,0,0,0,0,0
Suriname ,48.72,22.84,19.61,2.68,0,0,2.55,0,0,0,0,0,0,0,0,0,0,0,0,0,0
Cote dIvoire ,23.77,36.59,24.66,1.71,0,0,7.96,2.05,0,0,0,0,0,0,0,0,0,0,0,0,0
Guernsey ,53.03,12.46,13.67,14.36,1.32,2.42,1.15,0,0,0,0,0,0,0,0,0,0,0,0,0,0
Isle of Man ,45.05,17.37,20.37,11.86,1.09,1.86,0,0,0,0,0,0,0,0,0,0,0,0,0,0,0
Mozambique ,38.58,22.74,14.89,3.14,0,0,10.59,7.65,0,0,0,0,0,0,0,0,0,0,0,0,0
Guam ,28.26,21.46,30.13,12.23,2.23,2.54,0,0,0,0,0,0,0,1.48,0,0,0,0,0,0,0
Aruba ,44.81,20.18,22.27,8.77,1.4,0,0,0,0,0,0,0,0,0,0,0,0,0,0,0,0
Cuba ,22.6,68.15,4.99,0,0,0,2.34,0,0,0,0,0,0,0,0,0,0,0,0,0,0
Zambia ,24.76,21.97,8.31,2.58,0,0,35.76,2.74,0,0,0,0,0,0,0,0,0,0,0,0,0
Guadeloupe ,32.13,28.05,25.04,9.1,1.18,0,1.32,0,1.3,0,0,0,0,0,0,0,0,0,0,0,0
Namibia ,46.78,16.82,15.67,5.08,1.08,1.09,6.93,4.05,0,0,0,0,0,0,0,0,0,0,0,0,0
Botswana ,40.15,24,19.46,2.61,0,0,5.33,4.29,0,0,0,0,0,0,0,0,0,0,0,0,0
Afghanistan ,42.35,26.64,13.53,3.7,0,1.14,7.21,3.32,0,0,0,0,0,0,0,0,0,0,0,0,0
Jersey ,35.56,16.29,20.98,20.65,2.08,1.98,0,0,0,0,0,0,0,0,0,0,0,0,0,0,0
Martinique ,32.44,29.17,26.25,5.46,2.3,1.07,1.63,0,0,0,0,0,0,0,0,0,0,0,0,0,0
Madagascar ,14.75,53.59,20.55,2.46,0,0,4.94,1.25,0,0,0,0,0,0,0,0,0,0,0,0,0
Saint Vincent and the Grenadines ,21.12,18.11,54.9,3.2,0,0,1.03,0,0,0,0,0,0,0,0,0,0,0,0,0,0
Grenada ,32.17,21.95,39.06,4.1,0,0,1.43,0,0,0,0,0,0,0,0,0,0,0,0,0,0
Haiti ,40.45,18.75,18.67,4.7,0,0,8.75,1.17,0,0,2.95,0,0,0,0,0,1.35,0,0,0,0
 ,53.98,17.8,28.03,11.11,1.73,1.88,0,0,0,0,0,0,0,0,0,0,0,0,0,0,0
Fiji ,29.11,37.55,20.23,4.4,0,0,4.77,1.07,0,0,0,0,0,0,0,0,0,0,0,0,0
Guyana ,33.4,32.6,26.81,2.27,0,0,1.93,0,0,0,0,0,0,0,0,0,0,0,0,0,0
Saint Lucia ,31.43,25.57,33.77,5.06,0,0,2.07,0,0,0,0,0,0,0,0,0,0,0,0,0,0
Andorra ,39.77,20.34,26.16,9.93,1.1,1.02,0,0,0,0,0,0,0,0,0,0,0,0,0,0,0
Kyrgyz Republic ,15.61,17.67,15.9,1.79,0,0,44.34,2.9,0,0,0,0,0,0,0,0,0,0,0,0,0
French Polynesia ,30.05,37.76,18.02,11.58,0,0,0,0,0,0,0,0,0,0,0,0,0,0,0,0,0
Malawi ,29.57,17.75,8.5,1.96,0,0,33.2,4.47,0,0,0,0,0,0,0,0,0,0,0,0,0
Cayman Islands ,38.19,20.41,20.82,16.06,0,0,0,0,0,0,0,0,0,0,0,0,0,0,0,0,0
Cape Verde ,50.27,19.73,24.24,3.14,0,0,1.16,0,0,0,0,0,0,0,0,0,0,0,0,0,0
Belize ,33.55,34.93,21.92,5.59,0,0,0,0,0,0,0,0,0,0,0,0,0,0,0,0,0
New Caledonia ,30.06,31.54,22.51,12.12,0,0,1.27,0,0,0,0,0,0,0,0,0,0,0,0,0,0
Rwanda ,21.06,44.32,15.32,3.86,1.01,0,9.76,2.67,0,0,0,0,0,0,0,0,0,0,0,0,0
Benin ,26.96,41.28,24.68,1.07,0,0,4.1,0,0,0,0,0,0,0,0,0,0,0,0,0,0
Saint Kitts and Nevis ,31.43,22.53,34.98,7.79,0,0,0,0,0,0,0,0,0,0,0,0,0,1.14,0,0,0
Djibouti ,37.95,28.36,22.32,1.45,0,0,6.46,1.06,0,0,0,0,0,0,0,0,0,0,0,0,0
Antigua and Barbuda ,33.76,19.94,30.96,9.45,0,0,2.11,0,0,0,0,1.2,0,0,0,0,0,0,0,0,0
Tajikistan ,18.86,14.81,21.85,1.71,0,0,36.5,4.47,0,0,0,0,0,0,0,0,0,0,0,0,0
French Guiana ,31.55,33.54,25.47,5.14,1.26,0,1.72,0,0,0,0,0,0,0,0,0,0,0,0,0,0
Northern Mariana Islands ,38.42,18.2,35.92,2.97,2.16,0,0,0,0,0,0,0,0,0,0,0,0,0,0,0,0
Togo ,27.11,58.28,7.55,1.61,0,0,3.11,0,0,0,0,0,0,0,0,0,0,0,0,0,0
Monaco ,34.75,23.84,13.56,17.9,0,1.1,5.75,1.67,0,0,0,0,0,0,0,0,0,0,0,0,0
Congo (Democratic Republic of the),40.71,31.36,13.92,3.3,0,0,5.03,2.72,0,0,0,0,0,0,0,0,0,0,0,0,0
Gibraltar ,37.63,23.17,24.41,10.49,0,1.14,0,0,0,0,0,0,0,0,0,0,0,0,0,0,0
Liechtenstein ,43.99,28.62,9.89,12.44,0,1.91,1,0,0,0,0,0,0,0,0,0,0,0,0,0,0
Dominica ,36.09,21.93,34.11,4.56,0,0,1.74,0,0,0,0,0,0,0,0,0,0,0,0,0,0
Burkina Faso ,35.17,31.89,13.24,1.9,0,0,10.85,3.03,0,0,1.06,0,0,0,0,0,0,0,0,0,0
British Virgin Islands ,45.72,17.7,20.43,12.2,0,0,0,0,0,0,0,0,0,0,0,0,0,0,0,0,0
Gambia ,20.15,49.19,9.98,3.26,1.11,1.38,9.09,2.83,0,0,0,0,0,0,0,0,0,0,0,0,0
Seychelles ,41.89,27.74,15.51,5.36,0,0,5.33,1.72,0,0,0,0,0,0,0,0,0,0,0,0,0
Gabon ,37.84,25.57,14.62,5.32,0,0,10.89,2.19,0,0,0,0,0,0,0,0,0,0,0,0,0
Holy See (Vatican City State) ,91.79,5.72,2.1,0,0,0,0,0,0,0,0,0,0,0,0,0,0,0,0,0,0
Bhutan ,23.36,28.97,33.67,3.85,0,0,6.55,2.21,0,0,0,0,0,0,0,0,0,0,0,0,0
Swaziland ,28.23,9.31,6.41,1.49,0,0,46.58,4.55,0,0,0,0,0,0,0,0,0,0,0,0,0
Mali ,35.54,33.71,14.86,3.64,0,0,3.42,3.65,0,0,0,0,0,0,0,0,0,0,0,0,0
Mauritania ,22.76,27.13,32.19,1.84,0,0,7.88,4.54,0,0,0,0,0,0,0,0,0,0,0,0,0
Turks and Caicos Islands ,38.13,17.81,26.68,13.1,0,0,0,0,0,0,0,0,0,0,0,0,0,0,0,0,0
Greenland ,56.05,15.33,12.72,11.09,1.33,0,1.18,0,0,0,0,0,0,0,0,0,0,0,0,0,0
Papua New Guinea ,40.9,16.55,10.09,2.67,0,0,23.11,2.28,0,0,0,0,0,0,0,0,2.47,0,0,0,0
Lesotho ,46.91,15.99,9.67,1.91,0,0,17.11,3.94,0,0,1.07,0,0,0,0,1.06,0,0,0,0,0
San Marino ,36.25,29.89,19.69,11.83,0,0,0,0,0,0,0,0,0,0,0,0,0,0,0,0,0
Turkmenistan ,19.61,11.53,12.18,2.44,3.25,2.25,32.82,12.41,0,1.15,0,0,0,0,0,0,0,0,0,0,0
Anguilla ,43.08,15.63,27.87,9.29,0,0,0,0,1.43,0,0,0,0,0,0,0,0,0,0,0,0
Congo (Republic of the),33.53,36.54,10.99,2.23,0,0,10.78,2.01,0,0,1.32,0,0,0,0,0,0,0,0,0,0
Timor-Leste ,27.38,47.09,12.24,4.41,0,0,4.4,3.06,0,0,0,0,0,0,0,0,0,0,0,0,0
Niger ,24.59,21.71,8.75,1.99,0,0,23.65,12.11,0,1.6,2.19,0,0,0,0,0,0,0,0,0,0
Liberia ,47.74,22.91,14.06,8.9,0,0,3.53,0,0,0,0,0,0,0,0,0,0,0,0,0,0
Equatorial Guinea ,39.17,22.85,8.79,2.11,0,0,18.1,4.44,0,1.1,0,0,0,0,0,0,0,0,0,0,0
Burundi ,33.24,40.13,12.3,2.44,0,0,8.72,1.28,0,0,0,0,0,0,0,0,0,0,0,0,0
American Samoa ,29.89,25.39,24.34,18.46,0,0,0,0,0,0,0,0,0,0,0,0,0,0,0,0,0
Sierra Leone ,25.68,23.49,5.57,2.74,1.55,1.08,25.66,8.97,0,2.56,0,0,0,0,0,0,0,0,0,0,0
Saint Pierre and Miquelon ,41.67,35.59,15.31,5.12,0,0,0,0,0,0,0,0,0,0,0,0,0,0,0,0,0
Somalia ,36.83,22.2,12.42,0,0,0,18.75,3.63,0,3.11,1.13,0,0,0,0,0,0,0,0,0,0
Samoa ,30.27,44.15,13.1,3.29,0,0,3.3,2.86,0,0,0,0,0,0,0,0,0,0,1.09,0,0
Solomon Islands ,31.03,14.81,7.86,3.88,0,0,22.19,11.88,0,1.26,2.94,0,0,0,0,0,1.63,0,0,0,0
Vanuatu ,40,31.08,19.08,6.43,0,0,0,0,0,0,0,0,0,0,0,0,0,0,0,0,0
Micronesia ,34.2,31.83,25.77,5.62,0,0,1.38,0,0,0,0,0,0,0,0,0,0,0,0,0,0
Guinea ,42.92,29.63,12.38,4.27,1.44,0,4.34,2.03,0,0,0,0,0,0,0,0,0,0,0,0,0
Cook Islands ,44.65,21.83,20.51,9.68,0,1.37,0,0,0,0,0,0,0,0,0,0,0,0,0,0,0
Tonga ,32.95,46.21,10.44,6.87,0,0,0,0,0,0,0,0,1.13,0,0,0,0,0,0,0,0
Falkland Islands (Malvinas) ,64.06,16.07,13.24,3.82,0,0,0,0,0,0,0,0,0,0,0,0,0,0,0,0,0
Sao Tome and Principe ,61.62,12.37,21.2,2.36,0,0,1.09,0,0,0,0,0,0,0,0,0,0,0,0,0,0
Eritrea ,47.19,44.74,4.45,0,0,0,2.75,0,0,0,0,0,0,0,0,0,0,0,0,0,0
Montserrat ,36.89,19.79,35.73,4.59,0,0,0,0,0,0,0,0,0,0,0,0,0,0,0,0,0
Chad ,18.16,10.9,3.19,0,0,0,22.32,38.01,0,1.05,1.53,2.63,0,0,0,0,0,0,0,0,0
Mayotte ,39.49,43.18,9.47,4.61,1.42,0,0,0,0,0,0,0,0,0,0,0,0,0,0,0,0
Saint Helena ,66.31,22.22,8.97,1.96,0,0,0,0,0,0,0,0,0,0,0,0,0,0,0,0,0
Comoros ,45.75,28.51,21.74,1.61,0,0,1.03,0,0,0,0,0,0,0,0,0,0,0,0,0,0
Kiribati ,27.07,52.07,17.77,0,0,0,1.64,0,0,0,0,0,0,0,0,0,0,0,0,0,0
Central African Republic ,45.25,26.91,16.7,2.6,0,0,4.1,2.57,0,0,0,0,0,0,0,0,0,0,0,0,0
Palau ,37.2,31.1,19.99,7.33,0,0,0,0,0,0,0,0,0,0,0,0,0,0,0,2.09,0
Marshall Islands ,26.51,45.63,23.49,2.33,0,0,0,0,0,0,0,0,0,0,0,0,0,0,0,0,0
North Korea ,29.78,42.77,17.36,0,0,0,2.83,0,0,0,0,6.22,0,0,0,0,0,0,0,0,0
Niue ,27.41,33.94,27.78,9.13,0,0,0,0,0,0,0,0,0,0,0,0,0,0,0,0,0
Wallis and Futuna ,21.4,47.23,25.69,4.63,0,0,0,0,0,0,0,0,0,0,0,0,0,0,0,0,0
Guinea-Bissau ,67.11,21.53,7.98,1.78,0,0,0,0,0,0,0,0,0,0,0,0,0,0,0,0,1.32
Nauru ,38.74,49.62,8.59,0,0,0,0,0,0,0,0,0,0,0,0,0,0,1.91,0,0,0
Christmas Island ,2.54,7.63,87.29,0,0,0,0,0,0,0,0,0,0,0,0,0,0,0,0,0,2.54
Tuvalu ,2.21,65.44,32.35,0,0,0,0,0,0,0,0,0,0,0,0,0,0,0,0,0,0
