"IndicatorName","IndicatorCode"
"(%) Benefits held by 1st 20% population - All Social Insurance",allsi.bi_q1
"(%) Benefits held by 1st 20% population - All Social Protection",allsp.bi_q1
"(%) Benefits held by 1st 20% population - All Social Safety Nets",allsa.bi_q1
"(%) Benefits held by 1st 20% population - Unemp benefits and ALMP",lm_ub.bi_q1
"(%) Generosity of All Social Insurance",allsi.gen_pop
"(%) Generosity of All Social Protection",allsp.gen_pop
"(%) Generosity of All Social Safety Nets",allsa.gen_pop
"(%) Generosity of Unemp benefits and ALMP",lm_ub.gen_pop
"(%) Program participation - All Social Insurance",allsi.cov_pop
"(%) Program participation - All Social Protection",allsp.cov_pop
"(%) Program participation - All Social Safety Nets",allsa.cov_pop
"(%) Program participation - Unemp benefits and ALMP",lm_ub.cov_pop
"Access to electricity (% of population)",EG.ELC.ACCS.ZS
"Adjusted net enrollment rate, primary (% of primary school age children)",SE.PRM.TENR
"Adjusted net enrollment rate, primary, female (% of primary school age children)",SE.PRM.TENR.FE
"Adjusted net enrollment rate, primary, male (% of primary school age children)",SE.PRM.TENR.MA
"Adjusted net national income (annual % growth)",NY.ADJ.NNTY.KD.ZG
"Adjusted net national income (constant 2005 US$)",NY.ADJ.NNTY.KD
"Adjusted net national income (current US$)",NY.ADJ.NNTY.CD
"Adjusted net savings, excluding particulate emission damage (% of GNI)",NY.ADJ.SVNX.GN.ZS
"Adjusted net savings, excluding particulate emission damage (current US$)",NY.ADJ.SVNX.CD
"Adjusted net savings, including particulate emission damage (% of GNI)",NY.ADJ.SVNG.GN.ZS
"Adjusted net savings, including particulate emission damage (current US$)",NY.ADJ.SVNG.CD
"Adjusted savings: carbon dioxide damage (% of GNI)",NY.ADJ.DCO2.GN.ZS
"Adjusted savings: carbon dioxide damage (current US$)",NY.ADJ.DCO2.CD
"Adjusted savings: consumption of fixed capital (% of GNI)",NY.ADJ.DKAP.GN.ZS
"Adjusted savings: consumption of fixed capital (current US$)",NY.ADJ.DKAP.CD
"Adjusted savings: education expenditure (% of GNI)",NY.ADJ.AEDU.GN.ZS
"Adjusted savings: education expenditure (current US$)",NY.ADJ.AEDU.CD
"Adjusted savings: energy depletion (% of GNI)",NY.ADJ.DNGY.GN.ZS
"Adjusted savings: energy depletion (current US$)",NY.ADJ.DNGY.CD
"Adjusted savings: gross savings (% of GNI)",NY.ADJ.ICTR.GN.ZS
"Adjusted savings: mineral depletion (% of GNI)",NY.ADJ.DMIN.GN.ZS
"Adjusted savings: mineral depletion (current US$)",NY.ADJ.DMIN.CD
"Adjusted savings: natural resources depletion (% of GNI)",NY.ADJ.DRES.GN.ZS
"Adjusted savings: net forest depletion (% of GNI)",NY.ADJ.DFOR.GN.ZS
"Adjusted savings: net forest depletion (current US$)",NY.ADJ.DFOR.CD
"Adjusted savings: net national savings (% of GNI)",NY.ADJ.NNAT.GN.ZS
"Adjusted savings: net national savings (current US$)",NY.ADJ.NNAT.CD
"Adjusted savings: particulate emission damage (% of GNI)",NY.ADJ.DPEM.GN.ZS
"Adjusted savings: particulate emission damage (current US$)",NY.ADJ.DPEM.CD
"Adolescent fertility rate (births per 1,000 women ages 15-19)",SP.ADO.TFRT
"Age dependency ratio (% of working-age population)",SP.POP.DPND
"Age dependency ratio, old (% of working-age population)",SP.POP.DPND.OL
"Age dependency ratio, young (% of working-age population)",SP.POP.DPND.YG
"Agricultural irrigated land (% of total agricultural land)",AG.LND.IRIG.AG.ZS
"Agricultural land (% of land area)",AG.LND.AGRI.ZS
"Agricultural land (sq. km)",AG.LND.AGRI.K2
"Agricultural machinery, tractors",AG.AGR.TRAC.NO
"Agricultural machinery, tractors per 100 sq. km of arable land",AG.LND.TRAC.ZS
"Agricultural methane emissions (% of total)",EN.ATM.METH.AG.ZS
"Agricultural methane emissions (thousand metric tons of CO2 equivalent)",EN.ATM.METH.AG.KT.CE
"Agricultural nitrous oxide emissions (% of total)",EN.ATM.NOXE.AG.ZS
"Agricultural nitrous oxide emissions (thousand metric tons of CO2 equivalent)",EN.ATM.NOXE.AG.KT.CE
"Agricultural raw materials exports (% of merchandise exports)",TX.VAL.AGRI.ZS.UN
"Agricultural raw materials imports (% of merchandise imports)",TM.VAL.AGRI.ZS.UN
"Agriculture value added per worker (constant 2005 US$)",EA.PRD.AGRI.KD
"Agriculture, value added (% of GDP)",NV.AGR.TOTL.ZS
"Agriculture, value added (annual % growth)",NV.AGR.TOTL.KD.ZG
"Agriculture, value added (constant 2005 US$)",NV.AGR.TOTL.KD
"Agriculture, value added (constant LCU)",NV.AGR.TOTL.KN
"Agriculture, value added (current LCU)",NV.AGR.TOTL.CN
"Agriculture, value added (current US$)",NV.AGR.TOTL.CD
"Air transport, freight (million ton-km)",IS.AIR.GOOD.MT.K1
"Air transport, passengers carried",IS.AIR.PSGR
"Air transport, registered carrier departures worldwide",IS.AIR.DPRT
"Alternative and nuclear energy (% of total energy use)",EG.USE.COMM.CL.ZS
"Annual freshwater withdrawals, agriculture (% of total freshwater withdrawal)",ER.H2O.FWAG.ZS
"Annual freshwater withdrawals, domestic (% of total freshwater withdrawal)",ER.H2O.FWDM.ZS
"Annual freshwater withdrawals, industry (% of total freshwater withdrawal)",ER.H2O.FWIN.ZS
"Annual freshwater withdrawals, total (% of internal resources)",ER.H2O.FWTL.ZS
"Annual freshwater withdrawals, total (billion cubic meters)",ER.H2O.FWTL.K3
"Antiretroviral therapy coverage (% of people with advanced HIV infection)",SH.HIV.ARTC.ZS
"Arable land (% of land area)",AG.LND.ARBL.ZS
"Arable land (hectares per person)",AG.LND.ARBL.HA.PC
"Arable land (hectares)",AG.LND.ARBL.HA
"ARI treatment (% of children under 5 taken to a health provider)",SH.STA.ARIC.ZS
"Armed forces personnel (% of total labor force)",MS.MIL.TOTL.TF.ZS
"Armed forces personnel, total",MS.MIL.TOTL.P1
"Arms exports (constant 1990 US$)",MS.MIL.XPRT.KD
"Arms imports (constant 1990 US$)",MS.MIL.MPRT.KD
"Automated teller machines (ATMs) (per 100,000 adults)",FB.ATM.TOTL.P5
"Average grace period on new external debt commitments (years)",DT.GPA.DPPG
"Average grace period on new external debt commitments, official (years)",DT.GPA.OFFT
"Average grace period on new external debt commitments, private (years)",DT.GPA.PRVT
"Average grant element on new external debt commitments (%)",DT.GRE.DPPG
"Average grant element on new external debt commitments, official (%)",DT.GRE.OFFT
"Average grant element on new external debt commitments, private (%)",DT.GRE.PRVT
"Average interest on new external debt commitments (%)",DT.INR.DPPG
"Average interest on new external debt commitments, official (%)",DT.INR.OFFT
"Average interest on new external debt commitments, private (%)",DT.INR.PRVT
"Average maturity on new external debt commitments (years)",DT.MAT.DPPG
"Average maturity on new external debt commitments, official (years)",DT.MAT.OFFT
"Average maturity on new external debt commitments, private (years)",DT.MAT.PRVT
"Average number of times firms spent in meetings with tax officials",IC.TAX.METG
"Average precipitation in depth (mm per year)",AG.LND.PRCP.MM
"Average time to clear exports through customs (days)",IC.CUS.DURS.EX
"Bank capital to assets ratio (%)",FB.BNK.CAPA.ZS
"Bank liquid reserves to bank assets ratio (%)",FD.RES.LIQU.AS.ZS
"Bank nonperforming loans to total gross loans (%)",FB.AST.NPER.ZS
"Battle-related deaths (number of people)",VC.BTL.DETH
"Binding coverage, all products (%)",TM.TAX.MRCH.BC.ZS
"Binding coverage, manufactured products (%)",TM.TAX.MANF.BC.ZS
"Binding coverage, primary products (%)",TM.TAX.TCOM.BC.ZS
"Bird species, threatened",EN.BIR.THRD.NO
"Birth rate, crude (per 1,000 people)",SP.DYN.CBRT.IN
"Births attended by skilled health staff (% of total)",SH.STA.BRTC.ZS
"Borrowers from commercial banks (per 1,000 adults)",FB.CBK.BRWR.P3
"Bound rate, simple mean, all products (%)",TM.TAX.MRCH.BR.ZS
"Bound rate, simple mean, manufactured products (%)",TM.TAX.MANF.BR.ZS
"Bound rate, simple mean, primary products (%)",TM.TAX.TCOM.BR.ZS
"Broad money (% of GDP)",FM.LBL.BMNY.GD.ZS
"Broad money (current LCU)",FM.LBL.BMNY.CN
"Broad money growth (annual %)",FM.LBL.BMNY.ZG
"Broad money to total reserves ratio",FM.LBL.BMNY.IR.ZS
"Burden of customs procedure, WEF (1=extremely inefficient to 7=extremely efficient)",IQ.WEF.CUST.XQ
"Business extent of disclosure index (0=less disclosure to 10=more disclosure)",IC.BUS.DISC.XQ
"Cash surplus/deficit (% of GDP)",GC.BAL.CASH.GD.ZS
"Cash surplus/deficit (current LCU)",GC.BAL.CASH.CN
"Cause of death, by communicable diseases and maternal, prenatal and nutrition conditions (% of total)",SH.DTH.COMM.ZS
"Cause of death, by injury (% of total)",SH.DTH.INJR.ZS
"Cause of death, by non-communicable diseases (% of total)",SH.DTH.NCOM.ZS
"Central government debt, total (% of GDP)",GC.DOD.TOTL.GD.ZS
"Central government debt, total (current LCU)",GC.DOD.TOTL.CN
"Cereal production (metric tons)",AG.PRD.CREL.MT
"Cereal yield (kg per hectare)",AG.YLD.CREL.KG
"Changes in inventories (constant LCU)",NE.GDI.STKB.KN
"Changes in inventories (current LCU)",NE.GDI.STKB.CN
"Changes in inventories (current US$)",NE.GDI.STKB.CD
"Charges for the use of intellectual property, payments (BoP, current US$)",BM.GSR.ROYL.CD
"Charges for the use of intellectual property, receipts (BoP, current US$)",BX.GSR.ROYL.CD
"Chemicals (% of value added in manufacturing)",NV.MNF.CHEM.ZS.UN
"Child employment in agriculture (% of economically active children ages 7-14)",SL.AGR.0714.ZS
"Child employment in agriculture, female (% of female economically active children ages 7-14)",SL.AGR.0714.FE.ZS
"Child employment in agriculture, male (% of male economically active children ages 7-14)",SL.AGR.0714.MA.ZS
"Child employment in manufacturing (% of economically active children ages 7-14)",SL.MNF.0714.ZS
"Child employment in manufacturing, female (% of female economically active children ages 7-14)",SL.MNF.0714.FE.ZS
"Child employment in manufacturing, male (% of male economically active children ages 7-14)",SL.MNF.0714.MA.ZS
"Child employment in services (% of economically active children ages 7-14)",SL.SRV.0714.ZS
"Child employment in services, female (% of female economically active children ages 7-14)",SL.SRV.0714.FE.ZS
"Child employment in services, male (% of male economically active children ages 7-14)",SL.SRV.0714.MA.ZS
"Children (0-14) living with HIV",SH.HIV.0014
"Children in employment, female (% of female children ages 7-14)",SL.TLF.0714.FE.ZS
"Children in employment, male (% of male children ages 7-14)",SL.TLF.0714.MA.ZS
"Children in employment, self-employed (% of children in employment, ages 7-14)",SL.SLF.0714.ZS
"Children in employment, study and work (% of children in employment, ages 7-14)",SL.TLF.0714.SW.ZS
"Children in employment, study and work, female (% of female children in employment, ages 7-14)",SL.TLF.0714.SW.FE.ZS
"Children in employment, study and work, male (% of male children in employment, ages 7-14)",SL.TLF.0714.SW.MA.ZS
"Children in employment, total (% of children ages 7-14)",SL.TLF.0714.ZS
"Children in employment, unpaid family workers (% of children in employment, ages 7-14)",SL.FAM.0714.ZS
"Children in employment, wage workers (% of children in employment, ages 7-14)",SL.WAG.0714.ZS
"Children in employment, work only (% of children in employment, ages 7-14)",SL.TLF.0714.WK.ZS
"Children in employment, work only, female (% of female children in employment, ages 7-14)",SL.TLF.0714.WK.FE.ZS
"Children in employment, work only, male (% of male children in employment, ages 7-14)",SL.TLF.0714.WK.MA.ZS
"Children out of school, primary",SE.PRM.UNER
"Children out of school, primary, female",SE.PRM.UNER.FE
"Children out of school, primary, male",SE.PRM.UNER.MA
"Children with fever receiving antimalarial drugs (% of children under age 5 with fever)",SH.MLR.TRET.ZS
"Claims on central government (annual growth as % of broad money)",FM.AST.CGOV.ZG.M3
"Claims on central government, etc. (% GDP)",FS.AST.CGOV.GD.ZS
"Claims on other sectors of the domestic economy (% of GDP)",FS.AST.DOMO.GD.ZS
"Claims on other sectors of the domestic economy (annual growth as % of broad money)",FM.AST.DOMO.ZG.M3
"Claims on private sector (annual growth as % of broad money)",FM.AST.PRVT.ZG.M3
"CO2 emissions (kg per 2005 PPP $ of GDP)",EN.ATM.CO2E.PP.GD.KD
"CO2 emissions (kg per 2005 US$ of GDP)",EN.ATM.CO2E.KD.GD
"CO2 emissions (kg per PPP $ of GDP)",EN.ATM.CO2E.PP.GD
"CO2 emissions (kt)",EN.ATM.CO2E.KT
"CO2 emissions (metric tons per capita)",EN.ATM.CO2E.PC
"CO2 emissions from electricity and heat production, total (% of total fuel combustion)",EN.CO2.ETOT.ZS
"CO2 emissions from electricity and heat production, total (million metric tons)",EN.CO2.ETOT.MT
"CO2 emissions from gaseous fuel consumption (% of total)",EN.ATM.CO2E.GF.ZS
"CO2 emissions from gaseous fuel consumption (kt)",EN.ATM.CO2E.GF.KT
"CO2 emissions from liquid fuel consumption (% of total)",EN.ATM.CO2E.LF.ZS
"CO2 emissions from liquid fuel consumption (kt)",EN.ATM.CO2E.LF.KT
"CO2 emissions from manufacturing industries and construction (% of total fuel combustion)",EN.CO2.MANF.ZS
"CO2 emissions from manufacturing industries and construction (million metric tons)",EN.CO2.MANF.MT
"CO2 emissions from other sectors, excluding residential buildings and commercial and public services (% of total fuel combustion)",EN.CO2.OTHX.ZS
"CO2 emissions from other sectors, excluding residential buildings and commercial and public services (million metric tons)",EN.CO2.OTHX.MT
"CO2 emissions from residential buildings and commercial and public services (% of total fuel combustion)",EN.CO2.BLDG.ZS
"CO2 emissions from residential buildings and commercial and public services (million metric tons)",EN.CO2.BLDG.MT
"CO2 emissions from solid fuel consumption (% of total)",EN.ATM.CO2E.SF.ZS
"CO2 emissions from solid fuel consumption (kt)",EN.ATM.CO2E.SF.KT
"CO2 emissions from transport (% of total fuel combustion)",EN.CO2.TRAN.ZS
"CO2 emissions from transport (million metric tons)",EN.CO2.TRAN.MT
"CO2 intensity (kg per kg of oil equivalent energy use)",EN.ATM.CO2E.EG.ZS
"Coal rents (% of GDP)",NY.GDP.COAL.RT.ZS
"Combustible renewables and waste (% of total energy)",EG.USE.CRNW.ZS
"Combustible renewables and waste (metric tons of oil equivalent)",EG.USE.CRNW.KT.OE
"Commercial bank branches (per 100,000 adults)",FB.CBK.BRCH.P5
"Commercial banks and other lending (PPG + PNG) (NFL, current US$)",DT.NFL.PCBO.CD
"Commercial service exports (current US$)",TX.VAL.SERV.CD.WT
"Commercial service imports (current US$)",TM.VAL.SERV.CD.WT
"Commitments, IBRD (COM, current US$)",DT.COM.MIBR.CD
"Commitments, IDA (COM, current US$)",DT.COM.MIDA.CD
"Commitments, official creditors (COM, current US$)",DT.COM.OFFT.CD
"Commitments, private creditors (COM, current US$)",DT.COM.PRVT.CD
"Commitments, public and publicly guaranteed (COM, current US$)",DT.COM.DPPG.CD
"Communications, computer, etc. (% of service exports, BoP)",BX.GSR.CMCP.ZS
"Communications, computer, etc. (% of service imports, BoP)",BM.GSR.CMCP.ZS
"Community health workers (per 1,000 people)",SH.MED.CMHW.P3
"Compensation of employees (% of expense)",GC.XPN.COMP.ZS
"Compensation of employees (current LCU)",GC.XPN.COMP.CN
"Completeness of birth registration (%)",SP.REG.BRTH.ZS
"Completeness of birth registration, rural (%)",SP.REG.BRTH.RU.ZS
"Completeness of birth registration, urban (%)",SP.REG.BRTH.UR.ZS
"Completeness of infant death reporting (% of reported infant deaths to estimated infant deaths)",SP.DTH.INFR.ZS
"Completeness of total death reporting (% of reported total deaths to estimated total deaths)",SP.DTH.REPT.ZS
"Computer, communications and other services (% of commercial service exports)",TX.VAL.OTHR.ZS.WT
"Computer, communications and other services (% of commercial service imports)",TM.VAL.OTHR.ZS.WT
"Concessional debt (% of total external debt)",DT.DOD.ALLC.ZS
"Condom use, population ages 15-24, female (% of females ages 15-24)",SH.CON.1524.FE.ZS
"Condom use, population ages 15-24, male (% of males ages 15-24)",SH.CON.1524.MA.ZS
"Consumer price index (2005 = 100)",FP.CPI.TOTL
"Consumption of iodized salt (% of households)",SN.ITK.SALT.ZS
"Container port traffic (TEU: 20 foot equivalent units)",IS.SHP.GOOD.TU
"Contraceptive prevalence (% of women ages 15-49)",SP.DYN.CONU.ZS
"Contributing family workers, female (% of females employed)",SL.FAM.WORK.FE.ZS
"Contributing family workers, male (% of males employed)",SL.FAM.WORK.MA.ZS
"Contributing family workers, total (% of total employed)",SL.FAM.WORK.ZS
"Cost of business start-up procedures (% of GNI per capita)",IC.REG.COST.PC.ZS
"Cost to export (US$ per container)",IC.EXP.COST.CD
"Cost to import (US$ per container)",IC.IMP.COST.CD
"CPIA building human resources rating (1=low to 6=high)",IQ.CPA.HRES.XQ
"CPIA business regulatory environment rating (1=low to 6=high)",IQ.CPA.BREG.XQ
"CPIA debt policy rating (1=low to 6=high)",IQ.CPA.DEBT.XQ
"CPIA economic management cluster average (1=low to 6=high)",IQ.CPA.ECON.XQ
"CPIA efficiency of revenue mobilization rating (1=low to 6=high)",IQ.CPA.REVN.XQ
"CPIA equity of public resource use rating (1=low to 6=high)",IQ.CPA.PRES.XQ
"CPIA financial sector rating (1=low to 6=high)",IQ.CPA.FINS.XQ
"CPIA fiscal policy rating (1=low to 6=high)",IQ.CPA.FISP.XQ
"CPIA gender equality rating (1=low to 6=high)",IQ.CPA.GNDR.XQ
"CPIA macroeconomic management rating (1=low to 6=high)",IQ.CPA.MACR.XQ
"CPIA policies for social inclusion/equity cluster average (1=low to 6=high)",IQ.CPA.SOCI.XQ
"CPIA policy and institutions for environmental sustainability rating (1=low to 6=high)",IQ.CPA.ENVR.XQ
"CPIA property rights and rule-based governance rating (1=low to 6=high)",IQ.CPA.PROP.XQ
"CPIA public sector management and institutions cluster average (1=low to 6=high)",IQ.CPA.PUBS.XQ
"CPIA quality of budgetary and financial management rating (1=low to 6=high)",IQ.CPA.FINQ.XQ
"CPIA quality of public administration rating (1=low to 6=high)",IQ.CPA.PADM.XQ
"CPIA social protection rating (1=low to 6=high)",IQ.CPA.PROT.XQ
"CPIA structural policies cluster average (1=low to 6=high)",IQ.CPA.STRC.XQ
"CPIA trade rating (1=low to 6=high)",IQ.CPA.TRAD.XQ
"CPIA transparency, accountability, and corruption in the public sector rating (1=low to 6=high)",IQ.CPA.TRAN.XQ
"Credit depth of information index (0=low to 6=high)",IC.CRD.INFO.XQ
"Crop production index (2004-2006 = 100)",AG.PRD.CROP.XD
"Currency composition of PPG debt, all other currencies (%)",DT.CUR.OTHC.ZS
"Currency composition of PPG debt, Deutsche mark (%)",DT.CUR.DMAK.ZS
"Currency composition of PPG debt, Euro (%)",DT.CUR.EURO.ZS
"Currency composition of PPG debt, French franc (%)",DT.CUR.FFRC.ZS
"Currency composition of PPG debt, Japanese yen (%)",DT.CUR.JYEN.ZS
"Currency composition of PPG debt, Multiple currencies (%)",DT.CUR.MULC.ZS
"Currency composition of PPG debt, Pound sterling (%)",DT.CUR.UKPS.ZS
"Currency composition of PPG debt, SDR (%)",DT.CUR.SDRW.ZS
"Currency composition of PPG debt, Swiss franc (%)",DT.CUR.SWFR.ZS
"Currency composition of PPG debt, U.S. dollars (%)",DT.CUR.USDL.ZS
"Current account balance (% of GDP)",BN.CAB.XOKA.GD.ZS
"Current account balance (BoP, current US$)",BN.CAB.XOKA.CD
"Customs and other import duties (% of tax revenue)",GC.TAX.IMPT.ZS
"Customs and other import duties (current LCU)",GC.TAX.IMPT.CN
"Death rate, crude (per 1,000 people)",SP.DYN.CDRT.IN
"Debt buyback (current US$)",DT.DSB.DPPG.CD
"Debt forgiveness grants (current US$)",DT.DOD.MDRI.CD
"Debt forgiveness or reduction (current US$)",DT.DFR.DPPG.CD
"Debt service (PPG and IMF only, % of exports of goods, services and primary income)",DT.TDS.DPPF.XP.ZS
"Debt service on external debt, long-term (TDS, current US$)",DT.TDS.DLXF.CD
"Debt service on external debt, private nonguaranteed (PNG) (TDS, current US$)",DT.TDS.DPNG.CD
"Debt service on external debt, public and publicly guaranteed (PPG) (TDS, current US$)",DT.TDS.DPPG.CD
"Debt service on external debt, total (TDS, current US$)",DT.TDS.DECT.CD
"Debt stock reduction (current US$)",DT.DSF.DPPG.CD
"Debt stock rescheduled (current US$)",DT.DXR.DPPG.CD
"DEC alternative conversion factor (LCU per US$)",PA.NUS.ATLS
"Delay in obtaining an electrical connection (days)",IC.ELC.DURS
"Deposit interest rate (%)",FR.INR.DPST
"Depositors with commercial banks (per 1,000 adults)",FB.CBK.DPTR.P3
"Depth of the food deficit (kilocalories per person per day)",SN.ITK.DFCT
"Diabetes prevalence (% of population ages 20 to 79)",SH.STA.DIAB.ZS
"Diarrhea treatment (% of children under 5 receiving oral rehydration and continued feeding)",SH.STA.ORCF.ZS
"Diarrhea treatment (% of children under 5 who received ORS packet)",SH.STA.ORTH
"Disaster risk reduction progress score (1-5 scale; 5=best)",EN.CLC.DRSK.XQ
"Disbursements on external debt, long-term (DIS, current US$)",DT.DIS.DLXF.CD
"Disbursements on external debt, long-term + IMF (DIS, current US$)",DT.DIS.DLTF.CD
"Disbursements on external debt, private nonguaranteed (PNG) (DIS, current US$)",DT.DIS.DPNG.CD
"Disbursements on external debt, public and publicly guaranteed (PPG) (DIS, current US$)",DT.DIS.DPPG.CD
"Discrepancy in expenditure estimate of GDP (constant LCU)",NY.GDP.DISC.KN
"Discrepancy in expenditure estimate of GDP (current LCU)",NY.GDP.DISC.CN
"Documents to export (number)",IC.EXP.DOCS
"Documents to import (number)",IC.IMP.DOCS
"Domestic credit provided by banking sector (% of GDP)",FS.AST.DOMS.GD.ZS
"Domestic credit to private sector (% of GDP)",FS.AST.PRVT.GD.ZS
"Droughts, floods, extreme temperatures (% of population, average 1990-2009)",EN.CLC.MDAT.ZS
"Ease of doing business index (1=most business-friendly regulations)",IC.BUS.EASE.XQ
"EBRD, private nonguaranteed (NFL, current US$)",DT.NFL.NEBR.CD
"Electric power consumption (kWh per capita)",EG.USE.ELEC.KH.PC
"Electric power consumption (kWh)",EG.USE.ELEC.KH
"Electric power transmission and distribution losses (% of output)",EG.ELC.LOSS.ZS
"Electric power transmission and distribution losses (kWh)",EG.ELC.LOSS.KH
"Electricity production (kWh)",EG.ELC.PROD.KH
"Electricity production from coal sources (% of total)",EG.ELC.COAL.ZS
"Electricity production from coal sources (kWh)",EG.ELC.COAL.KH
"Electricity production from hydroelectric sources (% of total)",EG.ELC.HYRO.ZS
"Electricity production from hydroelectric sources (kWh)",EG.ELC.HYRO.KH
"Electricity production from natural gas sources (% of total)",EG.ELC.NGAS.ZS
"Electricity production from natural gas sources (kWh)",EG.ELC.NGAS.KH
"Electricity production from nuclear sources (% of total)",EG.ELC.NUCL.ZS
"Electricity production from nuclear sources (kWh)",EG.ELC.NUCL.KH
"Electricity production from oil sources (% of total)",EG.ELC.PETR.ZS
"Electricity production from oil sources (kWh)",EG.ELC.PETR.KH
"Electricity production from oil, gas and coal sources (% of total)",EG.ELC.FOSL.ZS
"Electricity production from renewable sources (kWh)",EG.ELC.RNEW.KH
"Electricity production from renewable sources, excluding hydroelectric (% of total)",EG.ELC.RNWX.ZS
"Electricity production from renewable sources, excluding hydroelectric (kWh)",EG.ELC.RNWX.KH
"Emigration rate of tertiary educated (% of total tertiary educated population)",SM.EMI.TERT.ZS
"Employees, agriculture, female (% of female employment)",SL.AGR.EMPL.FE.ZS
"Employees, agriculture, male (% of male employment)",SL.AGR.EMPL.MA.ZS
"Employees, industry, female (% of female employment)",SL.IND.EMPL.FE.ZS
"Employees, industry, male (% of male employment)",SL.IND.EMPL.MA.ZS
"Employees, services, female (% of female employment)",SL.SRV.EMPL.FE.ZS
"Employees, services, male (% of male employment)",SL.SRV.EMPL.MA.ZS
"Employers, female (% of employment)",SL.EMP.MPYR.FE.ZS
"Employers, male (% of employment)",SL.EMP.MPYR.MA.ZS
"Employers, total (% of employment)",SL.EMP.MPYR.ZS
"Employment in agriculture (% of total employment)",SL.AGR.EMPL.ZS
"Employment in industry (% of total employment)",SL.IND.EMPL.ZS
"Employment in services (% of total employment)",SL.SRV.EMPL.ZS
"Employment to population ratio, 15+, female (%)",SL.EMP.TOTL.SP.FE.ZS
"Employment to population ratio, 15+, male (%)",SL.EMP.TOTL.SP.MA.ZS
"Employment to population ratio, 15+, total (%)",SL.EMP.TOTL.SP.ZS
"Employment to population ratio, ages 15-24, female (%)",SL.EMP.1524.SP.FE.ZS
"Employment to population ratio, ages 15-24, male (%)",SL.EMP.1524.SP.MA.ZS
"Employment to population ratio, ages 15-24, total (%)",SL.EMP.1524.SP.ZS
"Energy imports, net (% of energy use)",EG.IMP.CONS.ZS
"Energy production (kt of oil equivalent)",EG.EGY.PROD.KT.OE
"Energy related methane emissions (% of total)",EN.ATM.METH.EG.ZS
"Energy use (kg of oil equivalent per capita)",EG.USE.PCAP.KG.OE
"Energy use (kg of oil equivalent) per $1,000 GDP (constant 2005 PPP)",EG.USE.COMM.GD.PP.KD
"Energy use (kt of oil equivalent)",EG.USE.COMM.KT.OE
"Exclusive breastfeeding (% of children under 6 months)",SH.STA.BFED.ZS
"Expenditure per student, primary (% of GDP per capita)",SE.XPD.PRIM.PC.ZS
"Expenditure per student, secondary (% of GDP per capita)",SE.XPD.SECO.PC.ZS
"Expenditure per student, tertiary (% of GDP per capita)",SE.XPD.TERT.PC.ZS
"Expense (% of GDP)",GC.XPN.TOTL.GD.ZS
"Expense (current LCU)",GC.XPN.TOTL.CN
"Export value index (2000 = 100)",TX.VAL.MRCH.XD.WD
"Export volume index (2000 = 100)",TX.QTY.MRCH.XD.WD
"Exports as a capacity to import (constant LCU)",NY.EXP.CAPM.KN
"Exports of goods and services (% of GDP)",NE.EXP.GNFS.ZS
"Exports of goods and services (annual % growth)",NE.EXP.GNFS.KD.ZG
"Exports of goods and services (BoP, current US$)",BX.GSR.GNFS.CD
"Exports of goods and services (constant 2005 US$)",NE.EXP.GNFS.KD
"Exports of goods and services (constant LCU)",NE.EXP.GNFS.KN
"Exports of goods and services (current LCU)",NE.EXP.GNFS.CN
"Exports of goods and services (current US$)",NE.EXP.GNFS.CD
"Exports of goods, services and primary income (BoP, current US$)",BX.GSR.TOTL.CD
"External balance on goods and services (% of GDP)",NE.RSB.GNFS.ZS
"External balance on goods and services (constant LCU)",NE.RSB.GNFS.KN
"External balance on goods and services (current LCU)",NE.RSB.GNFS.CN
"External balance on goods and services (current US$)",NE.RSB.GNFS.CD
"External debt stocks (% of exports of goods, services and primary income)",DT.DOD.DECT.EX.ZS
"External debt stocks (% of GNI)",DT.DOD.DECT.GN.ZS
"External debt stocks, concessional (DOD, current US$)",DT.DOD.ALLC.CD
"External debt stocks, long-term (DOD, current US$)",DT.DOD.DLXF.CD
"External debt stocks, long-term private sector (DOD, current US$)",DT.DOD.PRVS.CD
"External debt stocks, long-term public sector (DOD, current US$)",DT.DOD.PUBS.CD
"External debt stocks, private nonguaranteed (PNG) (DOD, current US$)",DT.DOD.DPNG.CD
"External debt stocks, public and publicly guaranteed (PPG) (DOD, current US$)",DT.DOD.DPPG.CD
"External debt stocks, short-term (DOD, current US$)",DT.DOD.DSTC.CD
"External debt stocks, total (DOD, current US$)",DT.DOD.DECT.CD
"External debt stocks, variable rate (DOD, current US$)",DT.DOD.VTOT.CD
"External resources for health (% of total expenditure on health)",SH.XPD.EXTR.ZS
"Female headed households (% of households with a female head)",SP.HOU.FEMA.ZS
"Female legislators, senior officials and managers (% of total)",SG.GEN.LSOM.ZS
"Fertility rate, total (births per woman)",SP.DYN.TFRT.IN
"Fertilizer consumption (% of fertilizer production)",AG.CON.FERT.PT.ZS
"Fertilizer consumption (kilograms per hectare of arable land)",AG.CON.FERT.ZS
"Final consumption expenditure (constant 2005 US$)",NE.CON.TOTL.KD
"Final consumption expenditure (constant LCU)",NE.CON.TOTL.KN
"Final consumption expenditure (current LCU)",NE.CON.TOTL.CN
"Final consumption expenditure (current US$)",NE.CON.TOTL.CD
"Final consumption expenditure, etc. (% of GDP)",NE.CON.TETC.ZS
"Final consumption expenditure, etc. (annual % growth)",NE.CON.TETC.KD.ZG
"Final consumption expenditure, etc. (constant 2005 US$)",NE.CON.TETC.KD
"Final consumption expenditure, etc. (constant LCU)",NE.CON.TETC.KN
"Final consumption expenditure, etc. (current LCU)",NE.CON.TETC.CN
"Final consumption expenditure, etc. (current US$)",NE.CON.TETC.CD
"Firms competing against unregistered firms (% of firms)",IC.FRM.CMPU.ZS
"Firms expected to give gifts in meetings with tax officials (% of firms)",IC.TAX.GIFT.ZS
"Firms formally registered when operations started (% of firms)",IC.FRM.FREG.ZS
"Firms offering formal training (% of firms)",IC.FRM.TRNG.ZS
"Firms that do not report all sales for tax purposes (% of firms)",IC.FRM.INFM.ZS
"Firms using banks to finance investment (% of firms)",IC.FRM.BNKS.ZS
"Firms with female participation in ownership (% of firms)",IC.FRM.FEMO.ZS
"Firms with female top manager (% of firms)",IC.FRM.FEMM.ZS
"Fish species, threatened",EN.FSH.THRD.NO
"Fixed broadband Internet subscribers",IT.NET.BBND
"Fixed broadband Internet subscribers (per 100 people)",IT.NET.BBND.P2
"Food exports (% of merchandise exports)",TX.VAL.FOOD.ZS.UN
"Food imports (% of merchandise imports)",TM.VAL.FOOD.ZS.UN
"Food production index (2004-2006 = 100)",AG.PRD.FOOD.XD
"Food, beverages and tobacco (% of value added in manufacturing)",NV.MNF.FBTO.ZS.UN
"Foreign direct investment, net (BoP, current US$)",BN.KLT.DINV.CD
"Foreign direct investment, net inflows (% of GDP)",BX.KLT.DINV.WD.GD.ZS
"Foreign direct investment, net inflows (BoP, current US$)",BX.KLT.DINV.CD.WD
"Foreign direct investment, net outflows (% of GDP)",BM.KLT.DINV.GD.ZS
"Forest area (% of land area)",AG.LND.FRST.ZS
"Forest area (sq. km)",AG.LND.FRST.K2
"Forest rents (% of GDP)",NY.GDP.FRST.RT.ZS
"Fossil fuel energy consumption (% of total)",EG.USE.COMM.FO.ZS
"Fuel exports (% of merchandise exports)",TX.VAL.FUEL.ZS.UN
"Fuel imports (% of merchandise imports)",TM.VAL.FUEL.ZS.UN
"GDP (constant 2005 US$)",NY.GDP.MKTP.KD
"GDP (constant LCU)",NY.GDP.MKTP.KN
"GDP (current LCU)",NY.GDP.MKTP.CN
"GDP (current US$)",NY.GDP.MKTP.CD
"GDP deflator (base year varies by country)",NY.GDP.DEFL.ZS
"GDP growth (annual %)",NY.GDP.MKTP.KD.ZG
"GDP per capita (constant 2005 US$)",NY.GDP.PCAP.KD
"GDP per capita (constant LCU)",NY.GDP.PCAP.KN
"GDP per capita (current LCU)",NY.GDP.PCAP.CN
"GDP per capita (current US$)",NY.GDP.PCAP.CD
"GDP per capita growth (annual %)",NY.GDP.PCAP.KD.ZG
"GDP per capita, PPP (constant 2005 international $)",NY.GDP.PCAP.PP.KD
"GDP per capita, PPP (current international $)",NY.GDP.PCAP.PP.CD
"GDP per person employed (constant 1990 PPP $)",SL.GDP.PCAP.EM.KD
"GDP per unit of energy use (constant 2005 PPP $ per kg of oil equivalent)",EG.GDP.PUSE.KO.PP.KD
"GDP per unit of energy use (PPP $ per kg of oil equivalent)",EG.GDP.PUSE.KO.PP
"GDP, PPP (constant 2005 international $)",NY.GDP.MKTP.PP.KD
"GDP, PPP (current international $)",NY.GDP.MKTP.PP.CD
"GEF benefits index for biodiversity (0 = no biodiversity potential to 100 = maximum)",ER.BDV.TOTL.XQ
"General government final consumption expenditure (% of GDP)",NE.CON.GOVT.ZS
"General government final consumption expenditure (annual % growth)",NE.CON.GOVT.KD.ZG
"General government final consumption expenditure (constant 2005 US$)",NE.CON.GOVT.KD
"General government final consumption expenditure (constant LCU)",NE.CON.GOVT.KN
"General government final consumption expenditure (current LCU)",NE.CON.GOVT.CN
"General government final consumption expenditure (current US$)",NE.CON.GOVT.CD
"GHG net emissions/removals by LUCF (Mt of CO2 equivalent)",EN.CLC.GHGR.MT.CE
"GINI index",SI.POV.GINI
"GNI (constant 2005 US$)",NY.GNP.MKTP.KD
"GNI (constant LCU)",NY.GNP.MKTP.KN
"GNI (current LCU)",NY.GNP.MKTP.CN
"GNI (current US$)",NY.GNP.MKTP.CD
"GNI growth (annual %)",NY.GNP.MKTP.KD.ZG
"GNI per capita (constant 2005 US$)",NY.GNP.PCAP.KD
"GNI per capita (constant LCU)",NY.GNP.PCAP.KN
"GNI per capita (current LCU)",NY.GNP.PCAP.CN
"GNI per capita growth (annual %)",NY.GNP.PCAP.KD.ZG
"GNI per capita, Atlas method (current US$)",NY.GNP.PCAP.CD
"GNI per capita, PPP (constant 2005 international $)",NY.GNP.PCAP.PP.KD
"GNI per capita, PPP (current international $)",NY.GNP.PCAP.PP.CD
"GNI, Atlas method (current US$)",NY.GNP.ATLS.CD
"GNI, PPP (constant 2005 international $)",NY.GNP.MKTP.PP.KD
"GNI, PPP (current international $)",NY.GNP.MKTP.PP.CD
"Goods and services expense (% of expense)",GC.XPN.GSRV.ZS
"Goods and services expense (current LCU)",GC.XPN.GSRV.CN
"Goods exports (BoP, current US$)",BX.GSR.MRCH.CD
"Goods imports (BoP, current US$)",BM.GSR.MRCH.CD
"Grants and other revenue (% of revenue)",GC.REV.GOTR.ZS
"Grants and other revenue (current LCU)",GC.REV.GOTR.CN
"Grants, excluding technical cooperation (BoP, current US$)",BX.GRT.EXTA.CD.WD
"Gross capital formation (% of GDP)",NE.GDI.TOTL.ZS
"Gross capital formation (annual % growth)",NE.GDI.TOTL.KD.ZG
"Gross capital formation (constant 2005 US$)",NE.GDI.TOTL.KD
"Gross capital formation (constant LCU)",NE.GDI.TOTL.KN
"Gross capital formation (current LCU)",NE.GDI.TOTL.CN
"Gross capital formation (current US$)",NE.GDI.TOTL.CD
"Gross domestic income (constant 2005 US$)",NY.GDY.TOTL.KD
"Gross domestic income (constant LCU)",NY.GDY.TOTL.KN
"Gross domestic savings (% of GDP)",NY.GDS.TOTL.ZS
"Gross domestic savings (constant LCU)",NY.GDS.TOTL.KN
"Gross domestic savings (current LCU)",NY.GDS.TOTL.CN
"Gross domestic savings (current US$)",NY.GDS.TOTL.CD
"Gross fixed capital formation (% of GDP)",NE.GDI.FTOT.ZS
"Gross fixed capital formation (annual % growth)",NE.GDI.FTOT.KD.ZG
"Gross fixed capital formation (constant 2005 US$)",NE.GDI.FTOT.KD
"Gross fixed capital formation (constant LCU)",NE.GDI.FTOT.KN
"Gross fixed capital formation (current LCU)",NE.GDI.FTOT.CN
"Gross fixed capital formation (current US$)",NE.GDI.FTOT.CD
"Gross fixed capital formation, private sector (% of GDP)",NE.GDI.FPRV.ZS
"Gross fixed capital formation, private sector (current LCU)",NE.GDI.FPRV.CN
"Gross intake ratio in first grade of primary education, female (% of relevant age group)",SE.PRM.GINT.FE.ZS
"Gross intake ratio in first grade of primary education, male (% of relevant age group)",SE.PRM.GINT.MA.ZS
"Gross intake ratio in first grade of primary education, total (% of relevant age group)",SE.PRM.GINT.ZS
"Gross national expenditure (% of GDP)",NE.DAB.TOTL.ZS
"Gross national expenditure (constant 2005 US$)",NE.DAB.TOTL.KD
"Gross national expenditure (constant LCU)",NE.DAB.TOTL.KN
"Gross national expenditure (current LCU)",NE.DAB.TOTL.CN
"Gross national expenditure (current US$)",NE.DAB.TOTL.CD
"Gross national expenditure deflator (base year varies by country)",NE.DAB.DEFL.ZS
"Gross national income (constant LCU)",NY.GNY.TOTL.KN
"Gross savings (% of GDP)",NY.GNS.ICTR.ZS
"Gross savings (% of GNI)",NY.GNS.ICTR.GN.ZS
"Gross savings (current LCU)",NY.GNS.ICTR.CN
"Gross savings (current US$)",NY.GNS.ICTR.CD
"Gross value added at factor cost (constant 2005 US$)",NY.GDP.FCST.KD
"Gross value added at factor cost (constant LCU)",NY.GDP.FCST.KN
"Gross value added at factor cost (current LCU)",NY.GDP.FCST.CN
"Gross value added at factor cost (current US$)",NY.GDP.FCST.CD
"Health expenditure per capita (current US$)",SH.XPD.PCAP
"Health expenditure per capita, PPP (constant 2005 international $)",SH.XPD.PCAP.PP.KD
"Health expenditure, private (% of GDP)",SH.XPD.PRIV.ZS
"Health expenditure, public (% of GDP)",SH.XPD.PUBL.ZS
"Health expenditure, public (% of government expenditure)",SH.XPD.PUBL.GX.ZS
"Health expenditure, public (% of total health expenditure)",SH.XPD.PUBL
"Health expenditure, total (% of GDP)",SH.XPD.TOTL.ZS
"HFC gas emissions (thousand metric tons of CO2 equivalent)",EN.ATM.HFCG.KT.CE
"High-technology exports (% of manufactured exports)",TX.VAL.TECH.MF.ZS
"High-technology exports (current US$)",TX.VAL.TECH.CD
"Hospital beds (per 1,000 people)",SH.MED.BEDS.ZS
"Household final consumption expenditure (annual % growth)",NE.CON.PRVT.KD.ZG
"Household final consumption expenditure (constant 2005 US$)",NE.CON.PRVT.KD
"Household final consumption expenditure (constant LCU)",NE.CON.PRVT.KN
"Household final consumption expenditure (current LCU)",NE.CON.PRVT.CN
"Household final consumption expenditure (current US$)",NE.CON.PRVT.CD
"Household final consumption expenditure per capita (constant 2005 US$)",NE.CON.PRVT.PC.KD
"Household final consumption expenditure per capita growth (annual %)",NE.CON.PRVT.PC.KD.ZG
"Household final consumption expenditure, etc. (% of GDP)",NE.CON.PETC.ZS
"Household final consumption expenditure, etc. (annual % growth)",NE.CON.PETC.KD.ZG
"Household final consumption expenditure, etc. (constant 2005 US$)",NE.CON.PETC.KD
"Household final consumption expenditure, etc. (constant LCU)",NE.CON.PETC.KN
"Household final consumption expenditure, etc. (current LCU)",NE.CON.PETC.CN
"Household final consumption expenditure, etc. (current US$)",NE.CON.PETC.CD
"Household final consumption expenditure, PPP (constant 2005 international $)",NE.CON.PRVT.PP.KD
"Household final consumption expenditure, PPP (current international $)",NE.CON.PRVT.PP.CD
"IBRD loans and IDA credits (DOD, current US$)",DT.DOD.MWBG.CD
"ICT goods exports (% of total goods exports)",TX.VAL.ICTG.ZS.UN
"ICT goods imports (% total goods imports)",TM.VAL.ICTG.ZS.UN
"ICT service exports (% of service exports, BoP)",BX.GSR.CCIS.ZS
"ICT service exports (BoP, current US$)",BX.GSR.CCIS.CD
"IDA grants (current US$)",DT.DIS.IDAG.CD
"IDA resource allocation index (1=low to 6=high)",IQ.CPA.IRAI.XQ
"IFC, private nonguaranteed (NFL, current US$)",DT.NFL.NIFC.CD
"IMF charges (INT, current US$)",DT.INT.DIMF.CD
"IMF purchases (DIS, current US$)",DT.DIS.DIMF.CD
"IMF repurchases (AMT, current US$)",DT.AMT.DIMF.CD
"IMF repurchases and charges (TDS, current US$)",DT.TDS.DIMF.CD
"Immunization, DPT (% of children ages 12-23 months)",SH.IMM.IDPT
"Immunization, measles (% of children ages 12-23 months)",SH.IMM.MEAS
"Import value index (2000 = 100)",TM.VAL.MRCH.XD.WD
"Import volume index (2000 = 100)",TM.QTY.MRCH.XD.WD
"Imports of goods and services (% of GDP)",NE.IMP.GNFS.ZS
"Imports of goods and services (annual % growth)",NE.IMP.GNFS.KD.ZG
"Imports of goods and services (BoP, current US$)",BM.GSR.GNFS.CD
"Imports of goods and services (constant 2005 US$)",NE.IMP.GNFS.KD
"Imports of goods and services (constant LCU)",NE.IMP.GNFS.KN
"Imports of goods and services (current LCU)",NE.IMP.GNFS.CN
"Imports of goods and services (current US$)",NE.IMP.GNFS.CD
"Imports of goods, services and primary income (BoP, current US$)",BM.GSR.TOTL.CD
"Improved sanitation facilities (% of population with access)",SH.STA.ACSN
"Improved sanitation facilities, rural (% of rural population with access)",SH.STA.ACSN.RU
"Improved sanitation facilities, urban (% of urban population with access)",SH.STA.ACSN.UR
"Improved water source (% of population with access)",SH.H2O.SAFE.ZS
"Improved water source, rural (% of rural population with access)",SH.H2O.SAFE.RU.ZS
"Improved water source, urban (% of urban population with access)",SH.H2O.SAFE.UR.ZS
"Incidence of tuberculosis (per 100,000 people)",SH.TBS.INCD
"Income share held by fourth 20%",SI.DST.04TH.20
"Income share held by highest 10%",SI.DST.10TH.10
"Income share held by highest 20%",SI.DST.05TH.20
"Income share held by lowest 10%",SI.DST.FRST.10
"Income share held by lowest 20%",SI.DST.FRST.20
"Income share held by second 20%",SI.DST.02ND.20
"Income share held by third 20%",SI.DST.03RD.20
"Industrial nitrous oxide emissions (thousand metric tons of CO2 equivalent)",EN.ATM.NOXE.IN.KT.CE
"Industry, value added (% of GDP)",NV.IND.TOTL.ZS
"Industry, value added (annual % growth)",NV.IND.TOTL.KD.ZG
"Industry, value added (constant 2005 US$)",NV.IND.TOTL.KD
"Industry, value added (constant LCU)",NV.IND.TOTL.KN
"Industry, value added (current LCU)",NV.IND.TOTL.CN
"Industry, value added (current US$)",NV.IND.TOTL.CD
"Inflation, consumer prices (annual %)",FP.CPI.TOTL.ZG
"Inflation, GDP deflator (annual %)",NY.GDP.DEFL.KD.ZG
"Informal payments to public officials (% of firms)",IC.FRM.CORR.ZS
"Insurance and financial services (% of commercial service exports)",TX.VAL.INSF.ZS.WT
"Insurance and financial services (% of commercial service imports)",TM.VAL.INSF.ZS.WT
"Insurance and financial services (% of service exports, BoP)",BX.GSR.INSF.ZS
"Insurance and financial services (% of service imports, BoP)",BM.GSR.INSF.ZS
"Intentional homicides (per 100,000 people)",VC.IHR.PSRC.P5
"Interest arrears, official creditors (current US$)",DT.IXA.OFFT.CD
"Interest arrears, private creditors (current US$)",DT.IXA.PRVT.CD
"Interest arrears, public and publicly guaranteed (current US$)",DT.IXA.DPPG.CD
"Interest forgiven (current US$)",DT.IXF.DPPG.CD
"Interest payments (% of expense)",GC.XPN.INTP.ZS
"Interest payments (% of revenue)",GC.XPN.INTP.RV.ZS
"Interest payments (current LCU)",GC.XPN.INTP.CN
"Interest payments on external debt (% of exports of goods, services and primary income)",DT.INT.DECT.EX.ZS
"Interest payments on external debt (% of GNI)",DT.INT.DECT.GN.ZS
"Interest payments on external debt, long-term (INT, current US$)",DT.INT.DLXF.CD
"Interest payments on external debt, private nonguaranteed (PNG) (INT, current US$)",DT.INT.DPNG.CD
"Interest payments on external debt, public and publicly guaranteed (PPG) (INT, current US$)",DT.INT.DPPG.CD
"Interest payments on external debt, short-term (INT, current US$)",DT.INT.DSTC.CD
"Interest payments on external debt, total (INT, current US$)",DT.INT.DECT.CD
"Interest rate spread (lending rate minus deposit rate, %)",FR.INR.LNDP
"Interest rescheduled (capitalized) (current US$)",DT.IXR.DPPG.CD
"Interest rescheduled, official (current US$)",DT.IXR.OFFT.CD
"Interest rescheduled, private (current US$)",DT.IXR.PRVT.CD
"Internally displaced persons (number, high estimate)",VC.IDP.TOTL.HE
"Internally displaced persons (number, low estimate)",VC.IDP.TOTL.LE
"International migrant stock (% of population)",SM.POP.TOTL.ZS
"International migrant stock, total",SM.POP.TOTL
"International tourism, expenditures (% of total imports)",ST.INT.XPND.MP.ZS
"International tourism, expenditures (current US$)",ST.INT.XPND.CD
"International tourism, expenditures for passenger transport items (current US$)",ST.INT.TRNX.CD
"International tourism, expenditures for travel items (current US$)",ST.INT.TVLX.CD
"International tourism, number of arrivals",ST.INT.ARVL
"International tourism, number of departures",ST.INT.DPRT
"International tourism, receipts (% of total exports)",ST.INT.RCPT.XP.ZS
"International tourism, receipts (current US$)",ST.INT.RCPT.CD
"International tourism, receipts for passenger transport items (current US$)",ST.INT.TRNR.CD
"International tourism, receipts for travel items (current US$)",ST.INT.TVLR.CD
"Internet users (per 100 people)",IT.NET.USER.P2
"Investment in energy with private participation (current US$)",IE.PPI.ENGY.CD
"Investment in telecoms with private participation (current US$)",IE.PPI.TELE.CD
"Investment in transport with private participation (current US$)",IE.PPI.TRAN.CD
"Investment in water and sanitation with private participation (current US$)",IE.PPI.WATR.CD
"ISO certification ownership (% of firms)",IC.FRM.ISOC.ZS
"Labor force participation rate, female (% of female population ages 15-24)",SL.TLF.ACTI.1524.FE.ZS
"Labor force participation rate, female (% of female population ages 15-64)",SL.TLF.ACTI.FE.ZS
"Labor force participation rate, male (% of male population ages 15-24)",SL.TLF.ACTI.1524.MA.ZS
"Labor force participation rate, male (% of male population ages 15-64)",SL.TLF.ACTI.MA.ZS
"Labor force participation rate, total (% of total population ages 15-24)",SL.TLF.ACTI.1524.ZS
"Labor force participation rate, total (% of total population ages 15-64)",SL.TLF.ACTI.ZS
"Labor force with primary education (% of total)",SL.TLF.PRIM.ZS
"Labor force with primary education, female (% of female labor force)",SL.TLF.PRIM.FE.ZS
"Labor force with primary education, male (% of male labor force)",SL.TLF.PRIM.MA.ZS
"Labor force with secondary education (% of total)",SL.TLF.SECO.ZS
"Labor force with secondary education, female (% of female labor force)",SL.TLF.SECO.FE.ZS
"Labor force with secondary education, male (% of male labor force)",SL.TLF.SECO.MA.ZS
"Labor force with tertiary education (% of total)",SL.TLF.TERT.ZS
"Labor force with tertiary education, female (% of female labor force)",SL.TLF.TERT.FE.ZS
"Labor force with tertiary education, male (% of male labor force)",SL.TLF.TERT.MA.ZS
"Labor force, female (% of total labor force)",SL.TLF.TOTL.FE.ZS
"Labor force, total",SL.TLF.TOTL.IN
"Labor participation rate, female (% of female population ages 15+)",SL.TLF.CACT.FE.ZS
"Labor participation rate, male (% of male population ages 15+)",SL.TLF.CACT.MA.ZS
"Labor participation rate, total (% of total population ages 15+)",SL.TLF.CACT.ZS
"Labor tax and contributions (% of commercial profits)",IC.TAX.LABR.CP.ZS
"Land area (sq. km)",AG.LND.TOTL.K2
"Land area where elevation is below 5 meters (% of total land area)",AG.LND.EL5M.ZS
"Land under cereal production (hectares)",AG.LND.CREL.HA
"Lead time to export, median case (days)",LP.EXP.DURS.MD
"Lead time to import, median case (days)",LP.IMP.DURS.MD
"Lending interest rate (%)",FR.INR.LEND
"Life expectancy at birth, female (years)",SP.DYN.LE00.FE.IN
"Life expectancy at birth, male (years)",SP.DYN.LE00.MA.IN
"Life expectancy at birth, total (years)",SP.DYN.LE00.IN
"Lifetime risk of maternal death (%)",SH.MMR.RISK.ZS
"Lifetime risk of maternal death (1 in: rate varies by country)",SH.MMR.RISK
"Liner shipping connectivity index (maximum value in 2004 = 100)",IS.SHP.GCNW.XQ
"Liquid liabilities (M3) as % of GDP",FS.LBL.LIQU.GD.ZS
"Listed domestic companies, total",CM.MKT.LDOM.NO
"Literacy rate, adult female (% of females ages 15 and above)",SE.ADT.LITR.FE.ZS
"Literacy rate, adult male (% of males ages 15 and above)",SE.ADT.LITR.MA.ZS
"Literacy rate, adult total (% of people ages 15 and above)",SE.ADT.LITR.ZS
"Literacy rate, youth female (% of females ages 15-24)",SE.ADT.1524.LT.FE.ZS
"Literacy rate, youth male (% of males ages 15-24)",SE.ADT.1524.LT.MA.ZS
"Literacy rate, youth total (% of people ages 15-24)",SE.ADT.1524.LT.ZS
"Livestock production index (2004-2006 = 100)",AG.PRD.LVSK.XD
"Logistics performance index: Ability to track and trace consignments (1=low to 5=high)",LP.LPI.TRAC.XQ
"Logistics performance index: Competence and quality of logistics services (1=low to 5=high)",LP.LPI.LOGS.XQ
"Logistics performance index: Ease of arranging competitively priced shipments (1=low to 5=high)",LP.LPI.ITRN.XQ
"Logistics performance index: Efficiency of customs clearance process (1=low to 5=high)",LP.LPI.CUST.XQ
"Logistics performance index: Frequency with which shipments reach consignee within scheduled or expected time (1=low to 5=high)",LP.LPI.TIME.XQ
"Logistics performance index: Overall (1=low to 5=high)",LP.LPI.OVRL.XQ
"Logistics performance index: Quality of trade and transport-related infrastructure (1=low to 5=high)",LP.LPI.INFR.XQ
"Long-term unemployment (% of total unemployment)",SL.UEM.LTRM.ZS
"Long-term unemployment, female (% of female unemployment)",SL.UEM.LTRM.FE.ZS
"Long-term unemployment, male (% of male unemployment)",SL.UEM.LTRM.MA.ZS
"Losses due to theft, robbery, vandalism, and arson (% sales)",IC.FRM.CRIM.ZS
"Low-birthweight babies (% of births)",SH.STA.BRTW.ZS
"Machinery and transport equipment (% of value added in manufacturing)",NV.MNF.MTRN.ZS.UN
"Malnutrition prevalence, height for age (% of children under 5)",SH.STA.STNT.ZS
"Malnutrition prevalence, height for age, female (% of children under 5)",SH.STA.STNT.FE.ZS
"Malnutrition prevalence, height for age, male (% of children under 5)",SH.STA.STNT.MA.ZS
"Malnutrition prevalence, weight for age (% of children under 5)",SH.STA.MALN.ZS
"Malnutrition prevalence, weight for age, female (% of children under 5)",SH.STA.MALN.FE.ZS
"Malnutrition prevalence, weight for age, male (% of children under 5)",SH.STA.MALN.MA.ZS
"Mammal species, threatened",EN.MAM.THRD.NO
"Management time dealing with officials (% of management time)",IC.GOV.DURS.ZS
"Manufactures exports (% of merchandise exports)",TX.VAL.MANF.ZS.UN
"Manufactures imports (% of merchandise imports)",TM.VAL.MANF.ZS.UN
"Manufacturing, value added (% of GDP)",NV.IND.MANF.ZS
"Manufacturing, value added (annual % growth)",NV.IND.MANF.KD.ZG
"Manufacturing, value added (constant 2005 US$)",NV.IND.MANF.KD
"Manufacturing, value added (constant LCU)",NV.IND.MANF.KN
"Manufacturing, value added (current LCU)",NV.IND.MANF.CN
"Manufacturing, value added (current US$)",NV.IND.MANF.CD
"Marine protected areas (% of territorial waters)",ER.MRN.PTMR.ZS
"Market capitalization of listed companies (% of GDP)",CM.MKT.LCAP.GD.ZS
"Market capitalization of listed companies (current US$)",CM.MKT.LCAP.CD
"Maternal mortality ratio (modeled estimate, per 100,000 live births)",SH.STA.MMRT
"Maternal mortality ratio (national estimate, per 100,000 live births)",SH.STA.MMRT.NE
"Merchandise exports (current US$)",TX.VAL.MRCH.CD.WT
"Merchandise exports by the reporting economy (current US$)",TX.VAL.MRCH.WL.CD
"Merchandise exports by the reporting economy, residual (% of total merchandise exports)",TX.VAL.MRCH.RS.ZS
"Merchandise exports to developing economies in East Asia & Pacific (% of total merchandise exports)",TX.VAL.MRCH.R1.ZS
"Merchandise exports to developing economies in Europe & Central Asia (% of total merchandise exports)",TX.VAL.MRCH.R2.ZS
"Merchandise exports to developing economies in Latin America & the Caribbean (% of total merchandise exports)",TX.VAL.MRCH.R3.ZS
"Merchandise exports to developing economies in Middle East & North Africa (% of total merchandise exports)",TX.VAL.MRCH.R4.ZS
"Merchandise exports to developing economies in South Asia (% of total merchandise exports)",TX.VAL.MRCH.R5.ZS
"Merchandise exports to developing economies in Sub-Saharan Africa (% of total merchandise exports)",TX.VAL.MRCH.R6.ZS
"Merchandise exports to developing economies outside region (% of total merchandise exports)",TX.VAL.MRCH.OR.ZS
"Merchandise exports to developing economies within region (% of total merchandise exports)",TX.VAL.MRCH.WR.ZS
"Merchandise exports to economies in the Arab World (% of total merchandise exports)",TX.VAL.MRCH.AL.ZS
"Merchandise exports to high-income economies (% of total merchandise exports)",TX.VAL.MRCH.HI.ZS
"Merchandise imports (current US$)",TM.VAL.MRCH.CD.WT
"Merchandise imports by the reporting economy (current US$)",TM.VAL.MRCH.WL.CD
"Merchandise imports by the reporting economy, residual (% of total merchandise imports)",TM.VAL.MRCH.RS.ZS
"Merchandise imports from developing economies in East Asia & Pacific (% of total merchandise imports)",TM.VAL.MRCH.R1.ZS
"Merchandise imports from developing economies in Europe & Central Asia (% of total merchandise imports)",TM.VAL.MRCH.R2.ZS
"Merchandise imports from developing economies in Latin America & the Caribbean (% of total merchandise imports)",TM.VAL.MRCH.R3.ZS
"Merchandise imports from developing economies in Middle East & North Africa (% of total merchandise imports)",TM.VAL.MRCH.R4.ZS
"Merchandise imports from developing economies in South Asia (% of total merchandise imports)",TM.VAL.MRCH.R5.ZS
"Merchandise imports from developing economies in Sub-Saharan Africa (% of total merchandise imports)",TM.VAL.MRCH.R6.ZS
"Merchandise imports from developing economies outside region (% of total merchandise imports)",TM.VAL.MRCH.OR.ZS
"Merchandise imports from developing economies within region (% of total merchandise imports)",TM.VAL.MRCH.WR.ZS
"Merchandise imports from economies in the Arab World (% of total merchandise imports)",TM.VAL.MRCH.AL.ZS
"Merchandise imports from high-income economies (% of total merchandise imports)",TM.VAL.MRCH.HI.ZS
"Merchandise trade (% of GDP)",TG.VAL.TOTL.GD.ZS
"Methane emissions (kt of CO2 equivalent)",EN.ATM.METH.KT.CE
"Methane emissions in energy sector (thousand metric tons of CO2 equivalent)",EN.ATM.METH.EG.KT.CE
"Military expenditure (% of central government expenditure)",MS.MIL.XPND.ZS
"Military expenditure (% of GDP)",MS.MIL.XPND.GD.ZS
"Military expenditure (current LCU)",MS.MIL.XPND.CN
"Mineral rents (% of GDP)",NY.GDP.MINR.RT.ZS
"Mobile cellular subscriptions",IT.CEL.SETS
"Mobile cellular subscriptions (per 100 people)",IT.CEL.SETS.P2
"Money (current LCU)",FM.LBL.MONY.CN
"Money and quasi money (M2) (current LCU)",FM.LBL.MQMY.CN
"Money and quasi money (M2) as % of GDP",FM.LBL.MQMY.GD.ZS
"Money and quasi money (M2) to total reserves ratio",FM.LBL.MQMY.IR.ZS
"Money and quasi money growth (annual %)",FM.LBL.MQMY.ZG
"Mortality rate, adult, female (per 1,000 female adults)",SP.DYN.AMRT.FE
"Mortality rate, adult, male (per 1,000 male adults)",SP.DYN.AMRT.MA
"Mortality rate, infant (per 1,000 live births)",SP.DYN.IMRT.IN
"Mortality rate, infant, female (per 1,000 live births)",SP.DYN.IMRT.FE.IN
"Mortality rate, infant, male (per 1,000 live births)",SP.DYN.IMRT.MA.IN
"Mortality rate, neonatal (per 1,000 live births)",SH.DYN.NMRT
"Mortality rate, under-5 (per 1,000 live births)",SH.DYN.MORT
"Mortality rate, under-5, female (per 1,000)",SH.DYN.MORT.FE
"Mortality rate, under-5, male (per 1,000)",SH.DYN.MORT.MA
"Motor vehicles (per 1,000 people)",IS.VEH.NVEH.P3
"Multilateral debt (% of total external debt)",DT.DOD.MLAT.ZS
"Multilateral debt service (% of public and publicly guaranteed debt service)",DT.TDS.MLAT.PG.ZS
"Multilateral debt service (TDS, current US$)",DT.TDS.MLAT.CD
"Natural gas rents (% of GDP)",NY.GDP.NGAS.RT.ZS
"Net barter terms of trade index (2000 = 100)",TT.PRI.MRCH.XD.WD
"Net bilateral aid flows from DAC donors, Australia (current US$)",DC.DAC.AUSL.CD
"Net bilateral aid flows from DAC donors, Austria (current US$)",DC.DAC.AUTL.CD
"Net bilateral aid flows from DAC donors, Belgium (current US$)",DC.DAC.BELL.CD
"Net bilateral aid flows from DAC donors, Canada (current US$)",DC.DAC.CANL.CD
"Net bilateral aid flows from DAC donors, Czech Republic (current US$)",DC.DAC.CZEL.CD
"Net bilateral aid flows from DAC donors, Denmark (current US$)",DC.DAC.DNKL.CD
"Net bilateral aid flows from DAC donors, European Union institutions (current US$)",DC.DAC.CECL.CD
"Net bilateral aid flows from DAC donors, Finland (current US$)",DC.DAC.FINL.CD
"Net bilateral aid flows from DAC donors, France (current US$)",DC.DAC.FRAL.CD
"Net bilateral aid flows from DAC donors, Germany (current US$)",DC.DAC.DEUL.CD
"Net bilateral aid flows from DAC donors, Greece (current US$)",DC.DAC.GRCL.CD
"Net bilateral aid flows from DAC donors, Iceland (current US$)",DC.DAC.ISLL.CD
"Net bilateral aid flows from DAC donors, Ireland (current US$)",DC.DAC.IRLL.CD
"Net bilateral aid flows from DAC donors, Italy (current US$)",DC.DAC.ITAL.CD
"Net bilateral aid flows from DAC donors, Japan (current US$)",DC.DAC.JPNL.CD
"Net bilateral aid flows from DAC donors, Korea, Rep. (current US$)",DC.DAC.KORL.CD
"Net bilateral aid flows from DAC donors, Luxembourg (current US$)",DC.DAC.LUXL.CD
"Net bilateral aid flows from DAC donors, Netherlands (current US$)",DC.DAC.NLDL.CD
"Net bilateral aid flows from DAC donors, New Zealand (current US$)",DC.DAC.NZLL.CD
"Net bilateral aid flows from DAC donors, Norway (current US$)",DC.DAC.NORL.CD
"Net bilateral aid flows from DAC donors, Portugal (current US$)",DC.DAC.PRTL.CD
"Net bilateral aid flows from DAC donors, Spain (current US$)",DC.DAC.ESPL.CD
"Net bilateral aid flows from DAC donors, Sweden (current US$)",DC.DAC.SWEL.CD
"Net bilateral aid flows from DAC donors, Switzerland (current US$)",DC.DAC.CHEL.CD
"Net bilateral aid flows from DAC donors, Total (current US$)",DC.DAC.TOTL.CD
"Net bilateral aid flows from DAC donors, United Kingdom (current US$)",DC.DAC.GBRL.CD
"Net bilateral aid flows from DAC donors, United States (current US$)",DC.DAC.USAL.CD
"Net capital account (BoP, current US$)",BN.TRF.KOGT.CD
"Net change in interest arrears (current US$)",DT.IXA.DPPG.CD.CG
"Net current transfers from abroad (constant LCU)",NY.TRF.NCTR.KN
"Net current transfers from abroad (current LCU)",NY.TRF.NCTR.CN
"Net current transfers from abroad (current US$)",NY.TRF.NCTR.CD
"Net domestic credit (current LCU)",FM.AST.DOMS.CN
"Net errors and omissions (BoP, current US$)",BN.KAC.EOMS.CD
"Net financial account (BoP, current US$)",BN.FIN.TOTL.CD
"Net financial flows, bilateral (NFL, current US$)",DT.NFL.BLAT.CD
"Net financial flows, IBRD (NFL, current US$)",DT.NFL.MIBR.CD
"Net financial flows, IDA (NFL, current US$)",DT.NFL.MIDA.CD
"Net financial flows, IMF concessional (NFL, current US$)",DT.NFL.IMFC.CD
"Net financial flows, IMF nonconcessional (NFL, current US$)",DT.NFL.IMFN.CD
"Net financial flows, multilateral (NFL, current US$)",DT.NFL.MLAT.CD
"Net financial flows, others (NFL, current US$)",DT.NFL.MOTH.CD
"Net financial flows, RDB concessional (NFL, current US$)",DT.NFL.RDBC.CD
"Net financial flows, RDB nonconcessional (NFL, current US$)",DT.NFL.RDBN.CD
"Net flows on external debt, long-term (NFL, current US$)",DT.NFL.DLXF.CD
"Net flows on external debt, private nonguaranteed (PNG) (NFL, current US$)",DT.NFL.DPNG.CD
"Net flows on external debt, public and publicly guaranteed (PPG) (NFL, current US$)",DT.NFL.DPPG.CD
"Net flows on external debt, short-term (NFL, current US$)",DT.NFL.DSTC.CD
"Net flows on external debt, total (NFL, current US$)",DT.NFL.DECT.CD
"Net foreign assets (current LCU)",FM.AST.NFRG.CN
"Net income from abroad (constant LCU)",NY.GSR.NFCY.KN
"Net income from abroad (current LCU)",NY.GSR.NFCY.CN
"Net income from abroad (current US$)",NY.GSR.NFCY.CD
"Net incurrence of liabilities, domestic (% of GDP)",GC.FIN.DOMS.GD.ZS
"Net incurrence of liabilities, domestic (current LCU)",GC.FIN.DOMS.CN
"Net incurrence of liabilities, foreign (% of GDP)",GC.FIN.FRGN.GD.ZS
"Net incurrence of liabilities, foreign (current LCU)",GC.FIN.FRGN.CN
"Net intake rate in grade 1 (% of official school-age population)",SE.PRM.NINT.ZS
"Net intake rate in grade 1, female (% of official school-age population)",SE.PRM.NINT.FE.ZS
"Net intake rate in grade 1, male (% of official school-age population)",SE.PRM.NINT.MA.ZS
"Net migration",SM.POP.NETM
"Net ODA received (% of central government expense)",DT.ODA.ODAT.XP.ZS
"Net ODA received (% of GNI)",DT.ODA.ODAT.GN.ZS
"Net ODA received (% of gross capital formation)",DT.ODA.ODAT.GI.ZS
"Net ODA received (% of imports of goods, services and primary income)",DT.ODA.ODAT.MP.ZS
"Net ODA received per capita (current US$)",DT.ODA.ODAT.PC.ZS
"Net official aid received (constant 2011 US$)",DT.ODA.OATL.KD
"Net official aid received (current US$)",DT.ODA.OATL.CD
"Net official development assistance and official aid received (constant 2011 US$)",DT.ODA.ALLD.KD
"Net official development assistance and official aid received (current US$)",DT.ODA.ALLD.CD
"Net official development assistance received (constant 2011 US$)",DT.ODA.ODAT.KD
"Net official development assistance received (current US$)",DT.ODA.ODAT.CD
"Net official flows from UN agencies, IAEA (current US$)",DT.NFL.IAEA.CD
"Net official flows from UN agencies, IFAD (current US$)",DT.NFL.IFAD.CD
"Net official flows from UN agencies, UNAIDS (current US$)",DT.NFL.UNAI.CD
"Net official flows from UN agencies, UNDP (current US$)",DT.NFL.UNDP.CD
"Net official flows from UN agencies, UNECE (current US$)",DT.NFL.UNEC.CD
"Net official flows from UN agencies, UNFPA (current US$)",DT.NFL.UNFP.CD
"Net official flows from UN agencies, UNHCR (current US$)",DT.NFL.UNCR.CD
"Net official flows from UN agencies, UNICEF (current US$)",DT.NFL.UNCF.CD
"Net official flows from UN agencies, UNPBF (current US$)",DT.NFL.UNPB.CD
"Net official flows from UN agencies, UNRWA (current US$)",DT.NFL.UNRW.CD
"Net official flows from UN agencies, UNTA (current US$)",DT.NFL.UNTA.CD
"Net official flows from UN agencies, WFP (current US$)",DT.NFL.WFPG.CD
"Net official flows from UN agencies, WHO (current US$)",DT.NFL.WHOL.CD
"Net primary income (BoP, current US$)",BN.GSR.FCTY.CD
"Net secondary income (BoP, current US$)",BN.TRF.CURR.CD
"Net taxes on products (constant LCU)",NY.TAX.NIND.KN
"Net taxes on products (current LCU)",NY.TAX.NIND.CN
"Net taxes on products (current US$)",NY.TAX.NIND.CD
"Net trade in goods (BoP, current US$)",BN.GSR.MRCH.CD
"Net trade in goods and services (BoP, current US$)",BN.GSR.GNFS.CD
"Net transfers on external debt, long-term (NTR, current US$)",DT.NTR.DLXF.CD
"Net transfers on external debt, private nonguaranteed (PNG) (NTR, current US$)",DT.NTR.DPNG.CD
"Net transfers on external debt, public and publicly guaranteed (PPG) (NTR, current US$)",DT.NTR.DPPG.CD
"Net transfers on external debt, total (NTR, current US$)",DT.NTR.DECT.CD
"New business density (new registrations per 1,000 people ages 15-64)",IC.BUS.NDNS.ZS
"New businesses registered (number)",IC.BUS.NREG
"Newborns protected against tetanus (%)",SH.VAC.TTNS.ZS
"Nitrous oxide emissions (thousand metric tons of CO2 equivalent)",EN.ATM.NOXE.KT.CE
"Nitrous oxide emissions in energy sector (thousand metric tons of CO2 equivalent)",EN.ATM.NOXE.EG.KT.CE
"Nitrous oxide emissions in industrial and energy processes (% of total nitrous oxide emissions)",EN.ATM.NOXE.EI.ZS
"Number of infant deaths",SH.DTH.IMRT
"Number of maternal deaths",SH.MMR.DTHS
"Number of neonatal deaths",SH.DTH.NMRT
"Number of under-five deaths",SH.DTH.MORT
"Nurses and midwives (per 1,000 people)",SH.MED.NUMW.P3
"Official exchange rate (LCU per US$, period average)",PA.NUS.FCRF
"Oil rents (% of GDP)",NY.GDP.PETR.RT.ZS
"Ores and metals exports (% of merchandise exports)",TX.VAL.MMTL.ZS.UN
"Ores and metals imports (% of merchandise imports)",TM.VAL.MMTL.ZS.UN
"Organic water pollutant (BOD) emissions (kg per day per worker)",EE.BOD.WRKR.KG
"Organic water pollutant (BOD) emissions (kg per day)",EE.BOD.TOTL.KG
"Other expense (% of expense)",GC.XPN.OTHR.ZS
"Other expense (current LCU)",GC.XPN.OTHR.CN
"Other greenhouse gas emissions, HFC, PFC and SF6 (thousand metric tons of CO2 equivalent)",EN.ATM.GHGO.KT.CE
"Other manufacturing (% of value added in manufacturing)",NV.MNF.OTHR.ZS.UN
"Other taxes (% of revenue)",GC.TAX.OTHR.RV.ZS
"Other taxes (current LCU)",GC.TAX.OTHR.CN
"Other taxes payable by businesses (% of commercial profits)",IC.TAX.OTHR.CP.ZS
"Out-of-pocket health expenditure (% of private expenditure on health)",SH.XPD.OOPC.ZS
"Out-of-pocket health expenditure (% of total expenditure on health)",SH.XPD.OOPC.TO.ZS
"Part time employment, female (% of total female employment)",SL.TLF.PART.FE.ZS
"Part time employment, female (% of total part time employment)",SL.TLF.PART.TL.FE.ZS
"Part time employment, male (% of total male employment)",SL.TLF.PART.MA.ZS
"Part time employment, total (% of total employment)",SL.TLF.PART.ZS
"Passenger cars (per 1,000 people)",IS.VEH.PCAR.P3
"Patent applications, nonresidents",IP.PAT.NRES
"Patent applications, residents",IP.PAT.RESD
"Permanent cropland (% of land area)",AG.LND.CROP.ZS
"Persistence to grade 5, female (% of cohort)",SE.PRM.PRS5.FE.ZS
"Persistence to grade 5, male (% of cohort)",SE.PRM.PRS5.MA.ZS
"Persistence to grade 5, total (% of cohort)",SE.PRM.PRS5.ZS
"Persistence to last grade of primary, female (% of cohort)",SE.PRM.PRSL.FE.ZS
"Persistence to last grade of primary, male (% of cohort)",SE.PRM.PRSL.MA.ZS
"Persistence to last grade of primary, total (% of cohort)",SE.PRM.PRSL.ZS
"Personal remittances, paid (current US$)",BM.TRF.PWKR.CD.DT
"Personal remittances, received (% of GDP)",BX.TRF.PWKR.DT.GD.ZS
"Personal remittances, received (current US$)",BX.TRF.PWKR.CD.DT
"Personal transfers, receipts (BoP, current US$)",BX.TRF.PWKR.CD
"PFC gas emissions (thousand metric tons of CO2 equivalent)",EN.ATM.PFCG.KT.CE
"Physicians (per 1,000 people)",SH.MED.PHYS.ZS
"Plant species (higher), threatened",EN.HPT.THRD.NO
"PM10, country level (micrograms per cubic meter)",EN.ATM.PM10.MC.M3
"PNG, bonds (AMT, current US$)",DT.AMT.PNGB.CD
"PNG, bonds (DIS, current US$)",DT.DIS.PNGB.CD
"PNG, bonds (DOD, current US$)",DT.DOD.PNGB.CD
"PNG, bonds (INT, current US$)",DT.INT.PNGB.CD
"PNG, bonds (NFL, current US$)",DT.NFL.PNGB.CD
"PNG, bonds (NTR, current US$)",DT.NTR.PNGB.CD
"PNG, bonds (TDS, current US$)",DT.TDS.PNGB.CD
"PNG, commercial banks and other creditors (AMT, current US$)",DT.AMT.PNGC.CD
"PNG, commercial banks and other creditors (DIS, current US$)",DT.DIS.PNGC.CD
"PNG, commercial banks and other creditors (DOD, current US$)",DT.DOD.PNGC.CD
"PNG, commercial banks and other creditors (INT, current US$)",DT.INT.PNGC.CD
"PNG, commercial banks and other creditors (NFL, current US$)",DT.NFL.PNGC.CD
"PNG, commercial banks and other creditors (NTR, current US$)",DT.NTR.PNGC.CD
"PNG, commercial banks and other creditors (TDS, current US$)",DT.TDS.PNGC.CD
"Point-of-sale terminals (per 100,000 adults)",FB.POS.TOTL.P5
"Population (Total)",SP.POP.TOTL
"Population ages 0-14 (% of total)",SP.POP.0014.TO.ZS
"Population ages 15-64 (% of total)",SP.POP.1564.TO.ZS
"Population ages 65 and above (% of total)",SP.POP.65UP.TO.ZS
"Population density (people per sq. km of land area)",EN.POP.DNST
"Population growth (annual %)",SP.POP.GROW
"Population in largest city",EN.URB.LCTY
"Population in the largest city (% of urban population)",EN.URB.LCTY.UR.ZS
"Population in urban agglomerations of more than 1 million",EN.URB.MCTY
"Population in urban agglomerations of more than 1 million (% of total population)",EN.URB.MCTY.TL.ZS
"Population living in areas where elevation is below 5 meters (% of total population)",EN.POP.EL5M.ZS
"Population, female (% of total)",SP.POP.TOTL.FE.ZS
"Portfolio equity, net inflows (BoP, current US$)",BX.PEF.TOTL.CD.WD
"Portfolio investment, bonds (PPG + PNG) (NFL, current US$)",DT.NFL.BOND.CD
"Portfolio Investment, net (BoP, current US$)",BN.KLT.PTXL.CD
"Poverty gap at $1.25 a day (PPP) (%)",SI.POV.GAPS
"Poverty gap at $2 a day (PPP) (%)",SI.POV.GAP2
"Poverty gap at national poverty line (%)",SI.POV.NAGP
"Poverty gap at rural poverty line (%)",SI.POV.RUGP
"Poverty gap at urban poverty line (%)",SI.POV.URGP
"Poverty headcount ratio at $1.25 a day (PPP) (% of population)",SI.POV.DDAY
"Poverty headcount ratio at $2 a day (PPP) (% of population)",SI.POV.2DAY
"Poverty headcount ratio at national poverty line (% of population)",SI.POV.NAHC
"Poverty headcount ratio at rural poverty line (% of rural population)",SI.POV.RUHC
"Poverty headcount ratio at urban poverty line (% of urban population)",SI.POV.URHC
"Power outages in firms in a typical month (number)",IC.ELC.OUTG
"PPG, bilateral (AMT, current US$)",DT.AMT.BLAT.CD
"PPG, bilateral (DIS, current US$)",DT.DIS.BLAT.CD
"PPG, bilateral (DOD, current US$)",DT.DOD.BLAT.CD
"PPG, bilateral (INT, current US$)",DT.INT.BLAT.CD
"PPG, bilateral (NTR, current US$)",DT.NTR.BLAT.CD
"PPG, bilateral (TDS, current US$)",DT.TDS.BLAT.CD
"PPG, bilateral concessional (AMT, current US$)",DT.AMT.BLTC.CD
"PPG, bilateral concessional (DIS, current US$)",DT.DIS.BLTC.CD
"PPG, bilateral concessional (DOD, current US$)",DT.DOD.BLTC.CD
"PPG, bilateral concessional (INT, current US$)",DT.INT.BLTC.CD
"PPG, bilateral concessional (NFL, current US$)",DT.NFL.BLTC.CD
"PPG, bilateral concessional (NTR, current US$)",DT.NTR.BLTC.CD
"PPG, bilateral concessional (TDS, current US$)",DT.TDS.BLTC.CD
"PPG, bonds (AMT, current US$)",DT.AMT.PBND.CD
"PPG, bonds (DIS, current US$)",DT.DIS.PBND.CD
"PPG, bonds (DOD, current US$)",DT.DOD.PBND.CD
"PPG, bonds (INT, current US$)",DT.INT.PBND.CD
"PPG, bonds (NFL, current US$)",DT.NFL.PBND.CD
"PPG, bonds (NTR, current US$)",DT.NTR.PBND.CD
"PPG, bonds (TDS, current US$)",DT.TDS.PBND.CD
"PPG, commercial banks (AMT, current US$)",DT.AMT.PCBK.CD
"PPG, commercial banks (DIS, current US$)",DT.DIS.PCBK.CD
"PPG, commercial banks (DOD, current US$)",DT.DOD.PCBK.CD
"PPG, commercial banks (INT, current US$)",DT.INT.PCBK.CD
"PPG, commercial banks (NFL, current US$)",DT.NFL.PCBK.CD
"PPG, commercial banks (NTR, current US$)",DT.NTR.PCBK.CD
"PPG, commercial banks (TDS, current US$)",DT.TDS.PCBK.CD
"PPG, IBRD (AMT, current US$)",DT.AMT.MIBR.CD
"PPG, IBRD (DIS, current US$)",DT.DIS.MIBR.CD
"PPG, IBRD (DOD, current US$)",DT.DOD.MIBR.CD
"PPG, IBRD (INT, current US$)",DT.INT.MIBR.CD
"PPG, IBRD (NTR, current US$)",DT.NTR.MIBR.CD
"PPG, IBRD (TDS, current US$)",DT.TDS.MIBR.CD
"PPG, IDA (AMT, current US$)",DT.AMT.MIDA.CD
"PPG, IDA (DIS, current US$)",DT.DIS.MIDA.CD
"PPG, IDA (DOD, current US$)",DT.DOD.MIDA.CD
"PPG, IDA (INT, current US$)",DT.INT.MIDA.CD
"PPG, IDA (NTR, current US$)",DT.NTR.MIDA.CD
"PPG, IDA (TDS, current US$)",DT.TDS.MIDA.CD
"PPG, multilateral (AMT, current US$)",DT.AMT.MLAT.CD
"PPG, multilateral (DIS, current US$)",DT.DIS.MLAT.CD
"PPG, multilateral (DOD, current US$)",DT.DOD.MLAT.CD
"PPG, multilateral (INT, current US$)",DT.INT.MLAT.CD
"PPG, multilateral (NTR, current US$)",DT.NTR.MLAT.CD
"PPG, multilateral concessional (AMT, current US$)",DT.AMT.MLTC.CD
"PPG, multilateral concessional (DIS, current US$)",DT.DIS.MLTC.CD
"PPG, multilateral concessional (DOD, current US$)",DT.DOD.MLTC.CD
"PPG, multilateral concessional (INT, current US$)",DT.INT.MLTC.CD
"PPG, multilateral concessional (NFL, current US$)",DT.NFL.MLTC.CD
"PPG, multilateral concessional (NTR, current US$)",DT.NTR.MLTC.CD
"PPG, multilateral concessional (TDS, current US$)",DT.TDS.MLTC.CD
"PPG, official creditors (AMT, current US$)",DT.AMT.OFFT.CD
"PPG, official creditors (DIS, current US$)",DT.DIS.OFFT.CD
"PPG, official creditors (DOD, current US$)",DT.DOD.OFFT.CD
"PPG, official creditors (INT, current US$)",DT.INT.OFFT.CD
"PPG, official creditors (NFL, current US$)",DT.NFL.OFFT.CD
"PPG, official creditors (NTR, current US$)",DT.NTR.OFFT.CD
"PPG, official creditors (TDS, current US$)",DT.TDS.OFFT.CD
"PPG, other private creditors (AMT, current US$)",DT.AMT.PROP.CD
"PPG, other private creditors (DIS, current US$)",DT.DIS.PROP.CD
"PPG, other private creditors (DOD, current US$)",DT.DOD.PROP.CD
"PPG, other private creditors (INT, current US$)",DT.INT.PROP.CD
"PPG, other private creditors (NFL, current US$)",DT.NFL.PROP.CD
"PPG, other private creditors (NTR, current US$)",DT.NTR.PROP.CD
"PPG, other private creditors (TDS, current US$)",DT.TDS.PROP.CD
"PPG, private creditors (AMT, current US$)",DT.AMT.PRVT.CD
"PPG, private creditors (DIS, current US$)",DT.DIS.PRVT.CD
"PPG, private creditors (DOD, current US$)",DT.DOD.PRVT.CD
"PPG, private creditors (INT, current US$)",DT.INT.PRVT.CD
"PPG, private creditors (NFL, current US$)",DT.NFL.PRVT.CD
"PPG, private creditors (NTR, current US$)",DT.NTR.PRVT.CD
"PPG, private creditors (TDS, current US$)",DT.TDS.PRVT.CD
"PPP conversion factor (GDP) to market exchange rate ratio",PA.NUS.PPPC.RF
"PPP conversion factor, GDP (LCU per international $)",PA.NUS.PPP
"PPP conversion factor, private consumption (LCU per international $)",PA.NUS.PRVT.PP
"Pregnant women receiving prenatal care (%)",SH.STA.ANVC.ZS
"Presence of peace keepers (number of troops, police, and military observers in mandate)",VC.PKP.TOTL.UN
"Present value of external debt (% of exports of goods, services and primary income)",DT.DOD.PVLX.EX.ZS
"Present value of external debt (% of GNI)",DT.DOD.PVLX.GN.ZS
"Present value of external debt (current US$)",DT.DOD.PVLX.CD
"Prevalence of anemia among children (% of children under 5)",SH.ANM.CHLD.ZS
"Prevalence of anemia among pregnant women (%)",SH.PRG.ANEM
"Prevalence of HIV, female (% ages 15-24)",SH.HIV.1524.FE.ZS
"Prevalence of HIV, male (% ages 15-24)",SH.HIV.1524.MA.ZS
"Prevalence of HIV, total (% of population ages 15-49)",SH.DYN.AIDS.ZS
"Prevalence of overweight (% of children under 5)",SH.STA.OWGH.ZS
"Prevalence of overweight, female (% of children under 5)",SH.STA.OWGH.FE.ZS
"Prevalence of overweight, male (% of children under 5)",SH.STA.OWGH.MA.ZS
"Prevalence of undernourishment (% of population)",SN.ITK.DEFC.ZS
"Prevalence of wasting (% of children under 5)",SH.STA.WAST.ZS
"Prevalence of wasting, female (% of children under 5)",SH.STA.WAST.FE.ZS
"Prevalence of wasting, male (% of children under 5)",SH.STA.WAST.MA.ZS
"Primary completion rate, female (% of relevant age group)",SE.PRM.CMPT.FE.ZS
"Primary completion rate, male (% of relevant age group)",SE.PRM.CMPT.MA.ZS
"Primary completion rate, total (% of relevant age group)",SE.PRM.CMPT.ZS
"Primary education, duration (years)",SE.PRM.DURS
"Primary education, pupils",SE.PRM.ENRL
"Primary education, pupils (% female)",SE.PRM.ENRL.FE.ZS
"Primary education, teachers",SE.PRM.TCHR
"Primary education, teachers (% female)",SE.PRM.TCHR.FE.ZS
"Primary income on FDI (current US$)",BX.KLT.DREM.CD.DT
"Primary income payments (BoP, current US$)",BM.GSR.FCTY.CD
"Primary income receipts (BoP, current US$)",BX.GSR.FCTY.CD
"Primary school starting age (years)",SE.PRM.AGES
"Principal arrears, official creditors (current US$)",DT.AXA.OFFT.CD
"Principal arrears, private creditors (current US$)",DT.AXA.PRVT.CD
"Principal arrears, public and publicly guaranteed (current US$)",DT.AXA.DPPG.CD
"Principal forgiven (current US$)",DT.AXF.DPPG.CD
"Principal repayments on external debt, long-term (AMT, current US$)",DT.AMT.DLXF.CD
"Principal repayments on external debt, long-term + IMF (AMT, current US$)",DT.AMT.DLTF.CD
"Principal repayments on external debt, private nonguaranteed (PNG) (AMT, current US$)",DT.AMT.DPNG.CD
"Principal repayments on external debt, public and publicly guaranteed (PPG) (AMT, current US$)",DT.AMT.DPPG.CD
"Principal rescheduled (current US$)",DT.AXR.DPPG.CD
"Principal rescheduled, official (current US$)",DT.AXR.OFFT.CD
"Principal rescheduled, private (current US$)",DT.AXR.PRVT.CD
"Private credit bureau coverage (% of adults)",IC.CRD.PRVT.ZS
"Procedures to build a warehouse (number)",IC.WRH.PROC
"Procedures to enforce a contract (number)",IC.LGL.PROC
"Procedures to register property (number)",IC.PRP.PROC
"Profit tax (% of commercial profits)",IC.TAX.PRFT.CP.ZS
"Progression to secondary school (%)",SE.SEC.PROG.ZS
"Progression to secondary school, female (%)",SE.SEC.PROG.FE.ZS
"Progression to secondary school, male (%)",SE.SEC.PROG.MA.ZS
"Proportion of seats held by women in national parliaments (%)",SG.GEN.PARL.ZS
"Public and publicly guaranteed debt service (% of exports of goods, services and primary income)",DT.TDS.DPPG.XP.ZS
"Public and publicly guaranteed debt service (% of GNI)",DT.TDS.DPPG.GN.ZS
"Public credit registry coverage (% of adults)",IC.CRD.PUBL.ZS
"Public spending on education, total (% of GDP)",SE.XPD.TOTL.GD.ZS
"Public spending on education, total (% of government expenditure)",SE.XPD.TOTL.GB.ZS
"Pump price for diesel fuel (US$ per liter)",EP.PMP.DESL.CD
"Pump price for gasoline (US$ per liter)",EP.PMP.SGAS.CD
"Pupil-teacher ratio, primary",SE.PRM.ENRL.TC.ZS
"Pupil-teacher ratio, secondary",SE.SEC.ENRL.TC.ZS
"Quality of port infrastructure, WEF (1=extremely underdeveloped to 7=well developed and efficient by international standards)",IQ.WEF.PORT.XQ
"Quasi money (current LCU)",FM.LBL.QMNY.CN
"Quasi-liquid liabilities (% of GDP)",FS.LBL.QLIQ.GD.ZS
"Rail lines (total route-km)",IS.RRS.TOTL.KM
"Railways, goods transported (million ton-km)",IS.RRS.GOOD.MT.K6
"Railways, passengers carried (million passenger-km)",IS.RRS.PASG.KM
"Ratio of female to male labor force participation rate (%)",SL.TLF.CACT.FM.ZS
"Ratio of female to male primary enrollment (%)",SE.ENR.PRIM.FM.ZS
"Ratio of female to male secondary enrollment (%)",SE.ENR.SECO.FM.ZS
"Ratio of female to male tertiary enrollment (%)",SE.ENR.TERT.FM.ZS
"Ratio of girls to boys in primary and secondary education (%)",SE.ENR.PRSC.FM.ZS
"Ratio of young literate females to males (% ages 15-24)",SE.ADT.1524.LT.FM.ZS
"Real effective exchange rate index (2005 = 100)",PX.REX.REER
"Real interest rate (%)",FR.INR.RINR
"Refugee population by country or territory of asylum",SM.POP.REFG
"Refugee population by country or territory of origin",SM.POP.REFG.OR
"Renewable internal freshwater resources per capita (cubic meters)",ER.H2O.INTR.PC
"Renewable internal freshwater resources, total (billion cubic meters)",ER.H2O.INTR.K3
"Repeaters, primary, female (% of female enrollment)",SE.PRM.REPT.FE.ZS
"Repeaters, primary, male (% of male enrollment)",SE.PRM.REPT.MA.ZS
"Repeaters, primary, total (% of total enrollment)",SE.PRM.REPT.ZS
"Repeaters, secondary, female (% of female enrollment)",SE.SEC.REPT.FE.ZS
"Repeaters, secondary, male (% of male enrollment)",SE.SEC.REPT.MA.ZS
"Repeaters, secondary, total (% of total enrollment)",SE.SEC.REPT.ZS
"Research and development expenditure (% of GDP)",GB.XPD.RSDV.GD.ZS
"Researchers in R&D (per million people)",SP.POP.SCIE.RD.P6
"Reserves and related items (BoP, current US$)",BN.RES.INCL.CD
"Residual, debt stock-flow reconciliation (current US$)",DT.DOD.RSDL.CD
"Revenue, excluding grants (% of GDP)",GC.REV.XGRT.GD.ZS
"Revenue, excluding grants (current LCU)",GC.REV.XGRT.CN
"Risk premium on lending (lending rate minus treasury bill rate, %)",FR.INR.RISK
"Road density (km of road per 100 sq. km of land area)",IS.ROD.DNST.K2
"Road sector diesel fuel consumption (kt of oil equivalent)",IS.ROD.DESL.KT
"Road sector diesel fuel consumption per capita (kg of oil equivalent)",IS.ROD.DESL.PC
"Road sector energy consumption (% of total energy consumption)",IS.ROD.ENGY.ZS
"Road sector energy consumption (kt of oil equivalent)",IS.ROD.ENGY.KT
"Road sector energy consumption per capita (kg of oil equivalent)",IS.ROD.ENGY.PC
"Road sector gasoline fuel consumption (kt of oil equivalent)",IS.ROD.SGAS.KT
"Road sector gasoline fuel consumption per capita (kg of oil equivalent)",IS.ROD.SGAS.PC
"Roads, goods transported (million ton-km)",IS.ROD.GOOD.MT.K6
"Roads, passengers carried (million passenger-km)",IS.ROD.PSGR.K6
"Roads, paved (% of total roads)",IS.ROD.PAVE.ZS
"Roads, total network (km)",IS.ROD.TOTL.KM
"Rural population",SP.RUR.TOTL
"Rural population (% of total population)",SP.RUR.TOTL.ZS
"Rural population growth (annual %)",SP.RUR.TOTL.ZG
"S&P Global Equity Indices (annual % change)",CM.MKT.INDX.ZG
"School enrollment, preprimary (% gross)",SE.PRE.ENRR
"School enrollment, preprimary, female (% gross)",SE.PRE.ENRR.FE
"School enrollment, preprimary, male (% gross)",SE.PRE.ENRR.MA
"School enrollment, primary (% gross)",SE.PRM.ENRR
"School enrollment, primary (% net)",SE.PRM.NENR
"School enrollment, primary, female (% gross)",SE.PRM.ENRR.FE
"School enrollment, primary, female (% net)",SE.PRM.NENR.FE
"School enrollment, primary, male (% gross)",SE.PRM.ENRR.MA
"School enrollment, primary, male (% net)",SE.PRM.NENR.MA
"School enrollment, primary, private (% of total primary)",SE.PRM.PRIV.ZS
"School enrollment, secondary (% gross)",SE.SEC.ENRR
"School enrollment, secondary (% net)",SE.SEC.NENR
"School enrollment, secondary, female (% gross)",SE.SEC.ENRR.FE
"School enrollment, secondary, female (% net)",SE.SEC.NENR.FE
"School enrollment, secondary, male (% gross)",SE.SEC.ENRR.MA
"School enrollment, secondary, male (% net)",SE.SEC.NENR.MA
"School enrollment, secondary, private (% of total secondary)",SE.SEC.PRIV.ZS
"School enrollment, tertiary (% gross)",SE.TER.ENRR
"School enrollment, tertiary, female (% gross)",SE.TER.ENRR.FE
"School enrollment, tertiary, male (% gross)",SE.TER.ENRR.MA
"Scientific and technical journal articles",IP.JRN.ARTC.SC
"Secondary education, duration (years)",SE.SEC.DURS
"Secondary education, general pupils",SE.SEC.ENRL.GC
"Secondary education, general pupils (% female)",SE.SEC.ENRL.GC.FE.ZS
"Secondary education, pupils",SE.SEC.ENRL
"Secondary education, pupils (% female)",SE.SEC.ENRL.FE.ZS
"Secondary education, teachers",SE.SEC.TCHR
"Secondary education, teachers (% female)",SE.SEC.TCHR.FE.ZS
"Secondary education, teachers, female",SE.SEC.TCHR.FE
"Secondary education, vocational pupils",SE.SEC.ENRL.VO
"Secondary education, vocational pupils (% female)",SE.SEC.ENRL.VO.FE.ZS
"Secondary income receipts (BoP, current US$)",BX.TRF.CURR.CD
"Secondary income, other sectors, payments (BoP, current US$)",BM.TRF.PRVT.CD
"Secondary school starting age (years)",SE.SEC.AGES
"Secure Internet servers",IT.NET.SECR
"Secure Internet servers (per 1 million people)",IT.NET.SECR.P6
"Self-employed, female (% of females employed)",SL.EMP.SELF.FE.ZS
"Self-employed, male (% of males employed)",SL.EMP.SELF.MA.ZS
"Self-employed, total (% of total employed)",SL.EMP.SELF.ZS
"Service exports (BoP, current US$)",BX.GSR.NFSV.CD
"Service imports (BoP, current US$)",BM.GSR.NFSV.CD
"Services, etc., value added (% of GDP)",NV.SRV.TETC.ZS
"Services, etc., value added (annual % growth)",NV.SRV.TETC.KD.ZG
"Services, etc., value added (constant 2005 US$)",NV.SRV.TETC.KD
"Services, etc., value added (constant LCU)",NV.SRV.TETC.KN
"Services, etc., value added (current LCU)",NV.SRV.TETC.CN
"Services, etc., value added (current US$)",NV.SRV.TETC.CD
"SF6 gas emissions (thousand metric tons of CO2 equivalent)",EN.ATM.SF6G.KT.CE
"Share of tariff lines with international peaks, all products (%)",TM.TAX.MRCH.IP.ZS
"Share of tariff lines with international peaks, manufactured products (%)",TM.TAX.MANF.IP.ZS
"Share of tariff lines with international peaks, primary products (%)",TM.TAX.TCOM.IP.ZS
"Share of tariff lines with specific rates, all products (%)",TM.TAX.MRCH.SR.ZS
"Share of tariff lines with specific rates, manufactured products (%)",TM.TAX.MANF.SR.ZS
"Share of tariff lines with specific rates, primary products (%)",TM.TAX.TCOM.SR.ZS
"Share of women employed in the nonagricultural sector (% of total nonagricultural employment)",SL.EMP.INSV.FE.ZS
"Short-term debt (% of exports of goods, services and primary income)",DT.DOD.DSTC.XP.ZS
"Short-term debt (% of total external debt)",DT.DOD.DSTC.ZS
"Short-term debt (% of total reserves)",DT.DOD.DSTC.IR.ZS
"Smoking prevalence, females (% of adults)",SH.PRV.SMOK.FE
"Smoking prevalence, males (% of adults)",SH.PRV.SMOK.MA
"Social contributions (% of revenue)",GC.REV.SOCL.ZS
"Social contributions (current LCU)",GC.REV.SOCL.CN
"Start-up procedures to register a business (number)",IC.REG.PROC
"Stocks traded, total value (% of GDP)",CM.MKT.TRAD.GD.ZS
"Stocks traded, total value (current US$)",CM.MKT.TRAD.CD
"Stocks traded, turnover ratio (%)",CM.MKT.TRNR
"Strength of legal rights index (0=weak to 10=strong)",IC.LGL.CRED.XQ
"Subsidies and other transfers (% of expense)",GC.XPN.TRFT.ZS
"Subsidies and other transfers (current LCU)",GC.XPN.TRFT.CN
"Surface area (sq. km)",AG.SRF.TOTL.K2
"Survival to age 65, female (% of cohort)",SP.DYN.TO65.FE.ZS
"Survival to age 65, male (% of cohort)",SP.DYN.TO65.MA.ZS
"Tariff rate, applied, simple mean, all products (%)",TM.TAX.MRCH.SM.AR.ZS
"Tariff rate, applied, simple mean, manufactured products (%)",TM.TAX.MANF.SM.AR.ZS
"Tariff rate, applied, simple mean, primary products (%)",TM.TAX.TCOM.SM.AR.ZS
"Tariff rate, applied, weighted mean, all products (%)",TM.TAX.MRCH.WM.AR.ZS
"Tariff rate, applied, weighted mean, manufactured products (%)",TM.TAX.MANF.WM.AR.ZS
"Tariff rate, applied, weighted mean, primary products (%)",TM.TAX.TCOM.WM.AR.ZS
"Tariff rate, most favored nation, simple mean, all products (%)",TM.TAX.MRCH.SM.FN.ZS
"Tariff rate, most favored nation, simple mean, manufactured products (%)",TM.TAX.MANF.SM.FN.ZS
"Tariff rate, most favored nation, simple mean, primary products (%)",TM.TAX.TCOM.SM.FN.ZS
"Tariff rate, most favored nation, weighted mean, all products (%)",TM.TAX.MRCH.WM.FN.ZS
"Tariff rate, most favored nation, weighted mean, manufactured products (%)",TM.TAX.MANF.WM.FN.ZS
"Tariff rate, most favored nation, weighted mean, primary products (%)",TM.TAX.TCOM.WM.FN.ZS
"Tax payments (number)",IC.TAX.PAYM
"Tax revenue (% of GDP)",GC.TAX.TOTL.GD.ZS
"Tax revenue (current LCU)",GC.TAX.TOTL.CN
"Taxes on exports (% of tax revenue)",GC.TAX.EXPT.ZS
"Taxes on exports (current LCU)",GC.TAX.EXPT.CN
"Taxes on goods and services (% of revenue)",GC.TAX.GSRV.RV.ZS
"Taxes on goods and services (% value added of industry and services)",GC.TAX.GSRV.VA.ZS
"Taxes on goods and services (current LCU)",GC.TAX.GSRV.CN
"Taxes on income, profits and capital gains (% of revenue)",GC.TAX.YPKG.RV.ZS
"Taxes on income, profits and capital gains (% of total taxes)",GC.TAX.YPKG.ZS
"Taxes on income, profits and capital gains (current LCU)",GC.TAX.YPKG.CN
"Taxes on international trade (% of revenue)",GC.TAX.INTT.RV.ZS
"Taxes on international trade (current LCU)",GC.TAX.INTT.CN
"Technical cooperation grants (BoP, current US$)",BX.GRT.TECH.CD.WD
"Technicians in R&D (per million people)",SP.POP.TECH.RD.P6
"Teenage mothers (% of women ages 15-19 who have had children or are currently pregnant)",SP.MTR.1519.ZS
"Telephone lines",IT.MLT.MAIN
"Telephone lines (per 100 people)",IT.MLT.MAIN.P2
"Terms of trade adjustment (constant LCU)",NY.TTF.GNFS.KN
"Terrestrial and marine protected areas (% of total territorial area)",ER.PTD.TOTL.ZS
"Terrestrial protected areas (% of total land area)",ER.LND.PTLD.ZS
"Tertiary education, teachers (% female)",SE.TER.TCHR.FE.ZS
"Textiles and clothing (% of value added in manufacturing)",NV.MNF.TXTL.ZS.UN
"Time required to build a warehouse (days)",IC.WRH.DURS
"Time required to enforce a contract (days)",IC.LGL.DURS
"Time required to get electricity (days)",IC.ELC.TIME
"Time required to obtain an operating license (days)",IC.FRM.DURS
"Time required to register property (days)",IC.PRP.DURS
"Time required to start a business (days)",IC.REG.DURS
"Time to export (days)",IC.EXP.DURS
"Time to import (days)",IC.IMP.DURS
"Time to prepare and pay taxes (hours)",IC.TAX.DURS
"Time to resolve insolvency (years)",IC.ISV.DURS
"Total amount of debt rescheduled (current US$)",DT.TXR.DPPG.CD
"Total change in external debt stocks (current US$)",DT.DOD.DECT.CD.CG
"Total debt service (% of exports of goods, services and primary income)",DT.TDS.DECT.EX.ZS
"Total debt service (% of GNI)",DT.TDS.DECT.GN.ZS
"Total natural resources rents (% of GDP)",NY.GDP.TOTL.RT.ZS
"Total reserves (% of total external debt)",FI.RES.TOTL.DT.ZS
"Total reserves (includes gold, current US$)",FI.RES.TOTL.CD
"Total reserves in months of imports",FI.RES.TOTL.MO
"Total reserves minus gold (current US$)",FI.RES.XGLD.CD
"Total tax rate (% of commercial profits)",IC.TAX.TOTL.CP.ZS
"Trade (% of GDP)",NE.TRD.GNFS.ZS
"Trade in services (% of GDP)",BG.GSR.NFSV.GD.ZS
"Trademark applications, aggregate direct",IP.TMK.AGGD
"Trademark applications, direct nonresident",IP.TMK.NRES
"Trademark applications, direct resident",IP.TMK.RESD
"Trademark applications, Madrid",IP.TMK.MDRD
"Trademark applications, total",IP.TMK.TOTL
"Trained teachers in primary education (% of total teachers)",SE.PRM.TCAQ.ZS
"Trained teachers in primary education, female (% of female teachers)",SE.PRM.TCAQ.FE.ZS
"Trained teachers in primary education, male (% of male teachers)",SE.PRM.TCAQ.MA.ZS
"Transport services (% of commercial service exports)",TX.VAL.TRAN.ZS.WT
"Transport services (% of commercial service imports)",TM.VAL.TRAN.ZS.WT
"Transport services (% of service exports, BoP)",BX.GSR.TRAN.ZS
"Transport services (% of service imports, BoP)",BM.GSR.TRAN.ZS
"Travel services (% of commercial service exports)",TX.VAL.TRVL.ZS.WT
"Travel services (% of commercial service imports)",TM.VAL.TRVL.ZS.WT
"Travel services (% of service exports, BoP)",BX.GSR.TRVL.ZS
"Travel services (% of service imports, BoP)",BM.GSR.TRVL.ZS
"Tuberculosis case detection rate (%, all forms)",SH.TBS.DTEC.ZS
"Tuberculosis treatment success rate (% of registered cases)",SH.TBS.CURE.ZS
"Undisbursed external debt, official creditors (UND, current US$)",DT.UND.OFFT.CD
"Undisbursed external debt, private creditors (UND, current US$)",DT.UND.PRVT.CD
"Undisbursed external debt, total (UND, current US$)",DT.UND.DPPG.CD
"Unemployment with primary education (% of total unemployment)",SL.UEM.PRIM.ZS
"Unemployment with primary education, female (% of female unemployment)",SL.UEM.PRIM.FE.ZS
"Unemployment with primary education, male (% of male unemployment)",SL.UEM.PRIM.MA.ZS
"Unemployment with secondary education (% of total unemployment)",SL.UEM.SECO.ZS
"Unemployment with secondary education, female (% of female unemployment)",SL.UEM.SECO.FE.ZS
"Unemployment with secondary education, male (% of male unemployment)",SL.UEM.SECO.MA.ZS
"Unemployment with tertiary education (% of total unemployment)",SL.UEM.TERT.ZS
"Unemployment with tertiary education, female (% of female unemployment)",SL.UEM.TERT.FE.ZS
"Unemployment with tertiary education, male (% of male unemployment)",SL.UEM.TERT.MA.ZS
"Unemployment, female (% of female labor force)",SL.UEM.TOTL.FE.ZS
"Unemployment, male (% of male labor force)",SL.UEM.TOTL.MA.ZS
"Unemployment, total (% of total labor force)",SL.UEM.TOTL.ZS
"Unemployment, youth female (% of female labor force ages 15-24)",SL.UEM.1524.FE.ZS
"Unemployment, youth male (% of male labor force ages 15-24)",SL.UEM.1524.MA.ZS
"Unemployment, youth total (% of total labor force ages 15-24)",SL.UEM.1524.ZS
"Unmet need for contraception (% of married women ages 15-49)",SP.UWT.TFRT
"Urban population",SP.URB.TOTL
"Urban population (% of total)",SP.URB.TOTL.IN.ZS
"Urban population growth (annual %)",SP.URB.GROW
"Use of IMF credit (DOD, current US$)",DT.DOD.DIMF.CD
"Use of insecticide-treated bed nets (% of under-5 population)",SH.MLR.NETS.ZS
"Value lost due to electrical outages (% of sales)",IC.FRM.OUTG.ZS
"Vehicles (per km of road)",IS.VEH.ROAD.K1
"Vitamin A supplementation coverage rate (% of children ages 6-59 months)",SN.ITK.VITA.ZS
"Vulnerable employment, female (% of female employment)",SL.EMP.VULN.FE.ZS
"Vulnerable employment, male (% of male employment)",SL.EMP.VULN.MA.ZS
"Vulnerable employment, total (% of total employment)",SL.EMP.VULN.ZS
"Wage and salaried workers, female (% of females employed)",SL.EMP.WORK.FE.ZS
"Wage and salaried workers, total (% of total employed)",SL.EMP.WORK.ZS
"Wage and salary workers, male (% of males employed)",SL.EMP.WORK.MA.ZS
"Wanted fertility rate (births per woman)",SP.DYN.WFRT
"Water pollution, chemical industry (% of total BOD emissions)",EE.BOD.CHEM.ZS
"Water pollution, clay and glass industry (% of total BOD emissions)",EE.BOD.CGLS.ZS
"Water pollution, food industry (% of total BOD emissions)",EE.BOD.FOOD.ZS
"Water pollution, metal industry (% of total BOD emissions)",EE.BOD.MTAL.ZS
"Water pollution, other industry (% of total BOD emissions)",EE.BOD.OTHR.ZS
"Water pollution, paper and pulp industry (% of total BOD emissions)",EE.BOD.PAPR.ZS
"Water pollution, textile industry (% of total BOD emissions)",EE.BOD.TXTL.ZS
"Water pollution, wood industry (% of total BOD emissions)",EE.BOD.WOOD.ZS
"Water productivity, total (constant 2005 US$ GDP per cubic meter of total freshwater withdrawal)",ER.GDP.FWTL.M3.KD
"Wholesale price index (2005 = 100)",FP.WPI.TOTL
"Women's share of population ages 15+ living with HIV (%)",SH.DYN.AIDS.FE.ZS
